word,count
S p o r t,9
i s,179
a,300
f o r m,11
o f,686
p h y s i c a l,15
a c t i v i t y,7
o r,119
g a m e,5
.,712
O f t e n,2
c o m p e t i t i v e,7
a n d,556
o r g a n i z e d,6
",",1059
s p o r t s,77
u s e,18
m a i n t a i n,1
i m p r o v e,4
a b i l i t y,1
s k i l l s,3
T h e y,5
a l s o,46
p r o v i d e,10
e n j o y m e n t,2
t o,360
p a r t i c i p a n t s,12
i n,356
s o m e,24
c a s e s,3
e n t e r t a i n m e n t,2
s p e c t a t o r s,3
M a n y,3
e x i s t,1
w i t h,107
d i f f e r e n t,15
p a r t i c i p a n t,2
n u m b e r s,1
a r e,69
d o n e,2
b y,145
s i n g l e,5
p e r s o n,5
o t h e r s,7
b e i n g,11
h u n d r e d s,2
M o s t,4
t a k e,5
p l a c e,6
e i t h e r,6
t e a m s,5
c o m p e t i n g,3
a s,172
i n d i v i d u a l s,3
S o m e,17
a l l o w,3
` `,73
t i e,1
' ',72
d r a w,1
w h i c h,61
t h e r e,14
n o,8
w i n n e r,2
;,19
t i e - b r e a k i n g,1
m e t h o d s,6
e n s u r e,5
o n e,16
A,24
n u m b e r,8
c o n t e s t s,2
m a y,14
b e,40
a r r a n g e d,1
t o u r n a m e n t,2
f o r m a t,1
p r o d u c i n g,2
c h a m p i o n,2
l e a g u e s,2
m a k e,4
a n,59
a n n u a l,2
a r r a n g i n g,1
g a m e s,9
r e g u l a r,1
s e a s o n,8
f o l l o w e d,4
p l a y o f f s,1
g e n e r a l l y,2
r e c o g n i s e d,4
s y s t e m,9
a c t i v i t i e s,12
b a s e d,10
a t h l e t i c i s m,1
d e x t e r i t y,1
m a j o r,16
c o m p e t i t i o n s,4
a d m i t t i n g,2
o n l y,10
m e e t i n g,1
t h i s,34
d e f i n i t i o n,6
o r g a n i s a t i o n s,3
s u c h,49
t h e,992
C o u n c i l,5
E u r o p e,9
p r e c l u d e,1
w i t h o u t,3
a n y,10
e l e m e n t,5
f r o m,87
c l a s s i f i c a t i o n,4
H o w e v e r,5
b u t,26
n o n - p h y s i c a l,3
c l a i m,3
r e c o g n i t i o n,2
m i n d,6
T h e,130
I n t e r n a t i o n a l,8
O l y m p i c,12
C o m m i t t e e,4
w h o,9
o v e r s e e,1
G a m e s,8
r e c o g n i s e s,5
b o t h,13
c h e s s,4
b r i d g e,3
S p o r t A c c o r d,2
i n t e r n a t i o n a l,18
f e d e r a t i o n,1
a s s o c i a t i o n,5
f i v e,2
:,50
d r a u g h t s,1
G o,2
x i a n g q i,1
t h e y,17
l i m i t,4
c a n,39
a d m i t t e d,2
u s u a l l y,9
g o v e r n e d,2
s e t,4
r u l e s,4
c u s t o m s,1
s e r v e,3
f a i r,6
c o m p e t i t i o n,11
W i n n i n g,2
d e t e r m i n e d,4
e v e n t s,39
s c o r i n g,2
g o a l s,2
c r o s s i n g,2
l i n e,3
f i r s t,17
I t,42
j u d g e s,3
e l e m e n t s,2
s p o r t i n g,5
p e r f o r m a n c e,7
i n c l u d i n g,20
o b j e c t i v e,6
s u b j e c t i v e,5
m e a s u r e s,1
t e c h n i c a l,2
a r t i s t i c,2
i m p r e s s i o n,1
R e c o r d s,1
o f t e n,20
k e p t,1
f o r,84
p o p u l a r,7
i n f o r m a t i o n,8
w i d e l y,3
a n n o u n c e d,3
r e p o r t e d,6
s p o r t,60
n e w s,1
s o u r c e,19
n o n - p a r t i c i p a n t s,2
s p e c t a t o r,5
d r a w i n g,1
l a r g e,13
c r o w d s,1
v e n u e s,2
r e a c h i n g,1
w i d e r,2
a u d i e n c e s,3
t h r o u g h,16
b r o a d c a s t i n g,1
b e t t i n g,1
s e v e r e l y,1
r e g u l a t e d,3
i n t e g r a l,1
A c c o r d i n g,5
A . T .,1
K e a r n e y,1
c o n s u l t a n c y,1
g l o b a l,9
i n d u s t r y,3
w o r t h,1
u p,7
$,3
6 2 0,1
b i l l i o n,2
2 0 1 3,4
w o r l d,16
' s,78
m o s t,26
a c c e s s i b l e,2
p r a c t i s e d,3
r u n n i n g,3
w h i l e,19
f o o t b a l l,11
M e a n i n g,1
u s a g e,2
E t y m o l o g y,3
w o r d,10
c o m e s,4
O l d,6
F r e n c h,10
d e s p o r t,1
m e a n i n g,8
l e i s u r e,3
o l d e s t,2
E n g l i s h,10
a r o u n d,11
1 3 0 0,1
a n y t h i n g,1
h u m a n s,10
f i n d,2
a m u s i n g,1
e n t e r t a i n i n g,1
O t h e r,8
m e a n i n g s,2
i n c l u d e,8
g a m b l i n g,4
s t a g e d,1
p u r p o s e,4
h u n t i n g,3
d i v e r s i o n s,1
o n e s,1
t h a t,96
r e q u i r e,2
e x e r c i s e,5
R o g e t,1
d e f i n e s,1
n o u n,2
e n g a g e d,1
r e l a x a t i o n,1
a m u s e m e n t,1
s y n o n y m s,1
d i v e r s i o n,1
r e c r e a t i o n,2
N o m e n c l a t u r e,1
s i n g u l a r,2
t e r m,7
u s e d,22
d i a l e c t s,1
d e s c r i b e,3
o v e r a l l,1
c o n c e p t,1
(,105
e . g,3
c h i l d r e n,4
t a k i n g,3
p a r t,16
),104
m u l t i p l e,1
r u g b y,6
E n g l a n d,1
A m e r i c a n,3
u s e s,5
t e r m s,4
D e f i n i t i o n,2
S e e,11
G a m e,1
§,1
D e f i n i t i o n s,1
b o a r d,1
S h o w,1
j u m p i n g,1
e q u e s t r i a n,3
p r e c i s e,2
w h a t,20
d i f f e r e n t i a t e s,1
o t h e r,42
v a r i e s,1
b e t w e e n,20
s o u r c e s,23
c l o s e s t,1
a g r e e m e n t,2
o n,89
p r o v i d e d,5
G l o b a l,1
A s s o c i a t i o n,5
S p o r t s,8
F e d e r a t i o n s,1
G A I S F,4
a l l,18
l a r g e s t,5
f e d e r a t i o n s,1
a t h l e t i c s,4
c y c l i n g,2
t e n n i s,2
m o r e,14
t h e r e f o r e,2
d e,12
f a c t o,7
r e p r e s e n t a t i v e,3
f o l l o w i n g,8
c r i t e r i a,1
d e t e r m i n i n g,2
s h o u l d,7
h a v e,40
w a y,4
h a r m f u l,1
l i v i n g,2
c r e a t u r e,1
n o t,30
r e l y,8
e q u i p m e n t,3
s u p p l i e r,1
e x c l u d i n g,1
p r o p r i e t a r y,1
a r e n a,1
l u c k,1
s p e c i f i c a l l y,3
d e s i g n e d,1
i n t o,26
r e c o g n i s e,1
p r i m a r i l y,5
p r e d o m i n a n t l y,1
m o t o r i s e d,2
F o r m u l a,1
1,3
p o w e r b o a t i n g,1
c o - o r d i n a t i o n,1
s n o o k e r,1
c u e,1
a n i m a l - s u p p o r t e d,1
i n c l u s i o n,1
w i t h i n,6
d e f i n i t i o n s,2
h a s,51
b e e n,32
u n i v e r s a l l y,2
a c c e p t e d,4
l e a d i n g,7
l e g a l,4
c h a l l e n g e s,4
g o v e r n i n g,3
b o d i e s,5
r e g a r d s,1
d e n i e d,1
f u n d i n g,1
a v a i l a b l e,5
W h i l s t,1
s m a l l,4
i t,38
o p e n,2
f u r t h e r,5
T h e r e,9
i n c r e a s e,8
a p p l i c a t i o n,2
v i d e o,4
c a l l e d,4
e s p o r t s,1
e l e c t r o n i c,1
e s p e c i a l l y,3
d u e,5
s c a l e,3
p a r t i c i p a t i o n,16
o r g a n i s e d,3
t h e s e,16
m a i n s t r e a m,1
E u r o p e a n,12
C h a r t e r,1
a r t i c l e,19
2 . i,1
' S p o r t,1
',9
m e a n s,9
f o r m s,10
c a s u a l,1
a i m,5
a t,36
e x p r e s s i n g,1
i m p r o v i n g,1
f i t n e s s,3
m e n t a l,1
w e l l - b e i n g,1
f o r m i n g,2
s o c i a l,19
r e l a t i o n s h i p s,2
o b t a i n i n g,1
r e s u l t s,5
l e v e l s,4
C o m p e t i t i o n,1
H o r s e,1
r a c i n g,1
o p p o s i n g,1
v i e w s,2
n e c e s s i t y,1
d e f i n i n g,1
a l m o s t,3
p r o f e s s i o n a l,10
i n v o l v i n g,2
r e q u i r i n g,4
p r e r e q u i s i t e,1
I O C,3
a d v o c a t e,1
w i d e n i n g,1
F o r,18
i n s t a n c e,4
t h o s e,8
c o m p e t e d,1
j u s t,4
f u n,2
I n,66
o r d e r,6
w i d e n,1
r e d u c e,2
i m p a c t,6
l o s i n g,1
l e s s,2
a b l e,5
i n t r o d u c t i o n,1
n o n - c o m p e t i t i v e,1
t r a d i t i o n a l l y,2
s c h o o l,5
d a y s,3
a l t h o u g h,2
m o v e s,1
l i k e,13
c o n t r o v e r s i a l,3
g r a d e d,1
c l a s s i f i e d,3
t h e i r,47
r e s u l t,14
d i v i d e d,3
g r o u p s,8
c o m p a r a b l e,1
g e n d e r,4
w e i g h t,1
a g e,6
m e a s u r e m e n t,2
c o r r e c t e d,1
h a n d i c a p s,1
p e n a l t i e s,1
r a c e,4
e x a m p l e,14
t i m e,13
c o m p l e t e,1
c o u r s e,2
g y m n a s t i c s,2
d i v i n g,1
d e c i d e d,3
p a n e l,1
m a n y,17
s h a d e s,1
j u d g i n g,1
b o x i n g,2
m i x e d,1
m a r t i a l,2
a r t s,1
w h e r e,13
v i c t o r y,2
a s s i g n e d,1
i f,9
n e i t h e r,2
c o m p e t i t o r,1
l o s t,2
e n d,9
m a t c h,2
H i s t o r y,28
M a i n,21
R o m a n,3
b r o n z e,1
r e d u c t i o n,1
M y r o n,1
D i s c o b o l o s,1
2 n d,1
c e n t u r y,28
A D,3
S w i m m e r s,1
p e r f o r m,1
s q u a t s,1
w a r m - u p,1
p r i o r,2
e n t e r i n g,1
p o o l,1
U . S .,3
m i l i t a r y,7
b a s e,2
2 0 1 1,3
A r t i f a c t s,1
s t r u c t u r e s,4
s u g g e s t,2
C h i n a,9
e a r l y,16
2 0 0 0,1
B C,6
G y m n a s t i c s,1
a p p e a r s,2
a n c i e n t,17
p a s t,34
M o n u m e n t s,1
P h a r a o h s,1
i n d i c a t e,3
s w i m m i n g,2
f i s h i n g,1
w e r e,38
w e l l - d e v e l o p e d,1
s e v e r a l,9
t h o u s a n d s,5
y e a r s,19
a g o,10
E g y p t,4
E g y p t i a n,1
i n c l u d e d,1
j a v e l i n,1
t h r o w i n g,1
h i g h,6
j u m p,1
w r e s t l i n g,2
A n c i e n t,7
P e r s i a n,1
t r a d i t i o n a l,6
I r a n i a n,1
a r t,4
Z o o r k h a n e h,1
h a d,12
c l o s e,1
c o n n e c t i o n,1
w a r f a r e,2
A m o n g,2
o r i g i n a t e d,2
P e r s i a,1
p o l o,1
j o u s t i n g,1
V a r i o u s,3
I n d i a,4
K h o,1
k h o,1
K a b b a d i,1
p l a y e d,7
k a b a d d i,1
w a s,104
p o t e n t i a l l y,2
p r e p a r a t i o n,1
M o t o r i s e d,1
a p p e a r e d,1
s i n c e,11
a d v e n t,3
m o d e r n,20
w i d e,4
r a n g e,4
a l r e a d y,2
e s t a b l i s h e d,10
G r e e c e,2
c u l t u r e,6
d e v e l o p m e n t,11
i n f l u e n c e d,2
a n o t h e r,5
c o n s i d e r a b l y,1
b e c a m e,12
p r o m i n e n t,1
G r e e k s,2
c r e a t e d,5
t i m e s,3
h e l d,7
e v e r y,5
f o u r,3
v i l l a g e,2
P e l o p o n n e s u s,1
O l y m p i a,1
i n c r e a s i n g l y,4
O l y m p i c s,7
p r e s e n t,8
I n d u s t r i a l i s a t i o n,1
b r o u g h t,4
t r a n s p o r t a t i o n,1
i n c r e a s e d,7
l e t t i n g,1
p e o p l e,23
a t t e n d,1
f o l l o w,1
p a r t i c i p a t e,3
a t h l e t i c,6
T h e s e,6
t r e n d s,6
c o n t i n u e d,7
m a s s,5
m e d i a,8
c o m m u n i c a t i o n,2
P r o f e s s i o n a l i s m,1
p r e v a l e n t,1
a d d i n g,2
p o p u l a r i t y,3
f a n s,3
e x p l o i t s,1
a t h l e t e s,5
–,4
e n j o y i n g,1
a s s o c i a t e d,5
a m a t e u r,5
S i n c e,5
t u r n,3
2 1 s t,2
i n c r e a s i n g,3
d e b a t e,6
a b o u t,24
w h e t h e r,9
t r a n s g e n d e r,1
c o n f o r m,1
p o s t - t r a n s i t i o n,1
i d e n t i t y,3
F a i r,1
p l a y,6
S p o r t s m a n s h i p,4
G a m e s m a n s h i p,1
n ' t,1
e v e r y t h i n g,2
t h i n g,3
M o r a l,1
a t t i t u d e,1
s t r i v e s,1
c o u r t e s y,1
t o w a r d,5
t e a m m a t e s,1
o p p o n e n t s,2
e t h i c a l,1
b e h a v i o u r,4
i n t e g r i t y,1
g r a c e,1
d e f e a t,1
e x p r e s s e s,1
a s p i r a t i o n,2
e t h o s,2
w i l l,3
e n j o y e d,1
i t s,33
o w n,6
s a k e,2
w e l l - k n o w n,1
s e n t i m e n t,3
j o u r n a l i s t,2
G r a n t l a n d,1
R i c e,1
y o u,5
w o n,4
h o w,21
c r e e d,1
e x p r e s s e d,1
f o u n d e r,1
P i e r r e,1
C o u b e r t i n,1
i m p o r t a n t,8
. . .,2
w i n n i n g,2
t y p i c a l,1
e x p r e s s i o n s,2
C h e a t i n g,1
T h i s,15
s e c t i o n,2
d o e s,2
c i t e,1
P l e a s e,1
h e l p,3
c i t a t i o n s,1
r e l i a b l e,2
U n s o u r c e d,1
m a t e r i a l,3
c h a l l e n g e d,2
r e m o v e d,2
A p r i l,6
2 0 2 4,2
L e a r n,1
w h e n,16
r e m o v e,1
m e s s a g e,2
M a t c h,2
f i x i n g,2
c h e a t i n g,1
K e y,2
p r i n c i p l e s,2
p r e d e t e r m i n e d,1
s i d e s,1
e q u a l,1
o p p o r t u n i t y,2
w i n,5
R u l e s,1
b r e a k,1
g a i n,2
a d v a n t a g e,3
P a r t i c i p a n t s,1
c h e a t,1
u n f a i r l y,1
c h a n c e,1
a c h i e v e,1
a d v a n t a g e s,1
f i n a n c i a l,1
g a i n s,1
w i d e s p r e a d,5
e x i s t e n c e,2
c r e a t e s,1
m o t i v a t i o n,1
d e l i b e r a t e l y,2
w o r k,4
g i v e n,3
o u t c o m e,1
r a t h e r,6
t h a n,11
s i m p l y,1
p l a y i n g,4
D o p i n g,1
d r u g s,5
U s e,1
p e r f o r m a n c e - e n h a n c i n g,1
n a t u r e,8
e n c o u r a g e s,1
a t t e m p t,2
e n h a n c e,2
m e d i c i n e s,1
v o l u m e,1
b l o o d,1
a r t i f i c i a l,1
A l l,3
r e q u i r e d,1
i m p l e m e n t,1
t e s t i n g,1
p r o g r a m m e,2
l o o k i n g,2
l i s t,1
b a n n e d,5
s u s p e n s i o n s,1
b a n s,1
p l a c e d,2
t e s t,1
p o s i t i v e,3
s u b s t a n c e s,1
V i o l e n c e,2
i n v o l v e s,6
i n t e n t i o n a l,1
a g g r e s s i v e,2
v i o l e n c e,2
A t h l e t e s,1
c o a c h e s,1
p a r e n t s,1
s o m e t i m e s,8
u n l e a s h,1
v i o l e n t,5
p r o p e r t y,1
m i s g u i d e d,1
s h o w s,6
l o y a l t y,1
d o m i n a n c e,3
a n g e r,1
c e l e b r a t i o n,1
R i o t i n g,1
h o o l i g a n i s m,1
p a r t i c u l a r,12
p r o b l e m,1
n a t i o n a l,14
P a r t i c i p a t i o n,1
G e n d e r,1
W o m e n,4
l e v e l,4
f e m a l e,3
I S T A F,1
B e r l i n,2
2 0 0 6,2
F e m a l e,2
c o n t i n u e s,1
r i s e,3
a l o n g s i d e,2
i n v o l v e m e n t,3
v a l u e,3
c h i l d,1
D e s p i t e,2
i n c r e a s e s,1
d u r i n g,25
l a s t,1
t h r e e,4
d e c a d e s,2
g a p,2
p e r s i s t s,1
e n r o l l m e n t,1
f i g u r e s,1
m a l e,1
p l a y e r s,8
s p o r t s - r e l a t e d,1
a c c o u n t,5
3 9,2
%,9
t o t a l,4
U S,13
i n t e r s c h o l a s t i c,1
C e r t a i n,2
m i x e d - g e n d e r,2
a l l o w i n g,2
e v e n,1
m e n,4
w o m e n,2
s a m e,6
t e a m,5
O n e,3
B a s e b a l l 5,1
e v e n t,5
Y o u t h,3
C o l l e g e,1
p r e s e n t s,2
o p p o r t u n i t i e s,2
s o c i a l i s a t i o n,1
p e e r,1
s c h o l a r s h i p s,1
A c t i v i s t s,1
e d u c a t i o n,5
w a r,8
e n c o u r a g e,2
y o u t h,4
e d u c a t i o n a l,3
f i g h t,1
i l l e g a l,2
d r u g,1
t r a d e,8
C e n t e r,2
I n j u r y,1
R e s e a r c h,3
P o l i c y,1
N a t i o n w i d e,1
C h i l d r e n,1
H o s p i t a l,1
b i g g e s t,1
r i s k,2
d e a t h,4
s e r i o u s,1
i n j u r y,1
c o n c u s s i o n,1
r i s k s,1
c o m e,4
b a s k e t b a l l,1
v o l l e y b a l l,2
g r i d i r o n,1
i c e,1
h o c k e y,1
1 5,1
p r i v a t e,1
c o a c h i n g,1
D i s a b l e d,2
P a r a s p o r t s,1
r u n n e r,1
g i v e s,2
f r i e n d l y,1
t a p,1
s h o u l d e r,1
w h e e l c h a i r,1
r a c e r,1
M a r a t h o n,2
P a r i s,6
2 0 1 4,3
a d a p t i v e,1
d i s a b i l i t y,3
i n t e l l e c t u a l,7
d i s a b i l i t i e s,1
A s,12
e x i s t i n g,3
m o d i f i e d,2
m e e t,1
n e e d s,4
r e f e r r e d,3
a d a p t e d,3
d i s a b l e d,1
e q u i v a l e n t,2
a b l e - b o d i e d,1
O l d e r,1
M a s t e r s,9
s e n i o r,1
v e t e r a n,1
c a t e g o r y,2
c o n t a i n s,2
3 5,2
o l d e r,2
c o n c e r n,3
u n a l t e r e d,1
C o m p e t i t i o n s,1
W o r l d,16
1 9 8 5,3
2 0 0 8,2
t h e n,7
S e n i o r,2
U S A T F,2
O u t d o o r,1
C h a m p i o n s h i p s,3
b e g a n,14
1 9 6 8,2
I n d o o r,1
1 9 7 5,6
A t h l e t i c s,1
S p e c t a t o r,2
S p e c t a t o r s,1
1 9 0 6,1
u n o f f i c i a l,1
a l o n g,6
a e s t h e t i c,1
a p p e a l,2
a t t e n d i n g,1
w a t c h,1
l e d,16
s p e c i f i c,13
p h e n o m e n o n,1
B o t h,2
a t t r a c t,2
v e n u e,2
b r o a d c a s t,4
r a d i o,1
t e l e v i s i o n,4
i n t e r n e t,1
a t t e n d a n c e,1
v i e w i n g,2
r e m o t e l y,1
i n c u r,1
s u b s t a n t i a l,1
c h a r g e,1
e n t r a n c e,1
t i c k e t,1
p a y - p e r - v i e w,1
l e a g u e,2
t w o,11
c o m m o n,7
a r r a n g e m e n t s,1
o r g a n i s e,1
i n d i v i d u a l,6
a g a i n s t,9
e a c h,3
c o n t i n u o u s l y,1
p e r i o d i c a l l y,1
r i v a l,1
b r o a d c a s t e r s,1
b i d d i n g,1
a m o u n t s,1
m o n e y,1
r i g h t s,5
s h o w,2
c e r t a i n,4
C u p,5
a t t r a c t s,1
a u d i e n c e,3
m i l l i o n s,3
f i n a l,5
a l o n e,4
a t t r a c t e d,2
e s t i m a t e d,2
w o r l d w i d e,1
w e l l,11
o v e r,9
7 0 0,1
m i l l i o n,9
C r i c k e t,2
F i n a l,1
1 3 5,1
U n i t e d,13
S t a t e s,7
c h a m p i o n s h i p,1
N F L,2
S u p e r,2
B o w l,2
b e c o m e,6
w a t c h e d,1
b r o a d c a s t s,1
y e a r,4
S u n d a y,1
h o l i d a y,1
A m e r i c a,3
v i e w e r s h i p,1
s o,7
g r e a t,1
2 0 1 5,3
a d v e r t i s i n g,1
s p a c e,3
s o l d,1
4 . 5 m,1
3 0 - s e c o n d,1
s l o t,1
A m a t e u r,3
P r o f e s s i o n a l,1
u n i v e r s i t y,2
u n d e r t a k e n,1
s e m i - p r o f e s s i o n a l,1
b a s i s,1
d e p e n d i n g,1
i n c e n t i v i s e d,2
p a y m e n t,1
w a g e,1
s a l a r y,1
l o w e r,4
g r a s s r o o t s,1
b e c o m i n g,2
b u s i n e s s,2
r i g h t,2
p a y i n g,1
p e r f o r m i n g,1
r e w a r d e d,1
p a y,1
f a r,2
e x c e s s,1
a v e r a g e,1
w a g e s,1
r u n,1
d o l l a r s,1
r e t a i n,2
p o l i c y,7
s t a r t e d,2
p r i n c i p l e,2
p r o f e s s i o n a l l y,1
c o n s i d e r e d,6
u n f a i r,1
m e r e l y,1
h o b b y,1
F r o m,6
1 9 7 1,1
a l l o w e d,4
r e c e i v e,1
c o m p e n s a t i o n,1
s p o n s o r s h i p,1
1 9 8 6,1
e l i g i b l e,1
e x c e p t i o n s,1
T e c h n o l o g y,2
l i g h t s,1
M e l b o u r n e,1
G r o u n d,1
d e c i s i o n,6
t h i r d,4
u m p i r e,5
m a k e s,3
r e v i e w,7
p l a y s,2
n e c e s s a r y,1
m o t o r s p o r t,1
o f f - f i e l d,2
m a k i n g,5
s c i e n c e,7
a c a d e m i c,8
d i s c i p l i n e,9
a p p l i e d,1
a r e a s,5
a t h l e t e,1
a n a l y s i s,12
f i n e - t u n e,1
t e c h n i q u e,1
i m p r o v e d,2
s h o e s,1
s w i m w e a r,1
e n g i n e e r i n g,1
e m e r g e d,3
1 9 9 8,2
f o c u s,7
m a t e r i a l s,2
d e s i g n,1
t e c h n o l o g y,10
a n a l y t i c s,1
b i g,2
d a t a,3
w e a r a b l e,1
c o n t r o l,7
f r e q u e n t l y,1
2 0 1 0,2
f u l l - b o d y,1
n o n - t e x t i l e,1
s w i m s u i t s,1
F I N A,1
e n h a n c i n g,1
s w i m m e r s,1
p e r f o r m a n c e s,2
d e c i s i o n s,7
m a t c h e s,2
t a k e n,2
r e v i e w e d,1
o f f i c i a l,9
u s i n g,7
i n s t a n t,2
r e p l a y s,4
n o w,4
c h a l l e n g e,4
m a d e,4
o f f i c i a l s,2
g o a l - l i n e,1
b a l l,1
c r o s s e d,1
g o a l,1
c o m p u l s o r y,1
F I F A,3
B r a z i l,1
C a n a d a,2
P r e m i e r,1
L e a g u e,1
2 0 1 3 – 1 4,1
B u n d e s l i g a,1
2 0 1 5 – 1 6,1
r e f e r e e,3
a s k,3
r e p l a y,1
b o o t h,1
h e a d,6
c o a c h,1
i s s u e,3
r e s t s,1
c o m m o n l y,2
k n o w n,8
T e l e v i s i o n,1
O f f i c i a l,1
T M O,1
d e c i s i o n - m a k i n g,2
u n i o n,3
c r i c k e t,1
T h i r d,1
i n t r o d u c e d,2
I C C - r u n,1
t o u r n a m e n t s,1
o p t i o n a l l y,1
D e p e n d i n g,2
h o s t,1
b r o a d c a s t e r,1
t e c h n o l o g i e s,2
p l a y e r,2
H a w k - E y e,2
H o t,1
S p o t,1
R e a l,1
T i m e,1
S n i c k o m e t e r,1
u m p i r i n g,1
s u g g e s t s,3
c a p a c i t y,1
c o n n e c t,1
a d u l t,1
r o l e,9
m o d e l s,1
p r o m o t e,6
l e a r n i n g,1
l i f e,8
r e c e n t,2
c r i m e,2
p r e v e n t,1
e x t r e m i s m,1
r a d i c a l i z a t i o n,1
t o o l,3
s e l f - e s t e e m,1
b o n d s,1
f e e l i n g,4
h i g h - q u a l i t y,2
e v i d e n c e,23
e f f e c t i v e n e s s,1
i n t e r v e n t i o n s,2
c o m m u n i t y,3
c a m p a i g n s,1
s e s s i o n s,1
c h a n g e s,2
s t u d i e s,7
i n v e s t i g a t e,3
e f f e c t,4
p r o m o t i n g,1
h e a l t h y,1
c h a n g e,8
P o l i t i c s,4
S p o r t s w a s h i n g,1
B e n i t o,1
M u s s o l i n i,1
1 9 3 4,1
I t a l y,2
s h o w c a s e,1
F a s c i s t,1
A d o l f,1
H i t l e r,1
1 9 3 6,2
S u m m e r,1
W i n t e r,1
G a r m i s c h - P a r t e n k i r c h e n,1
N a z i,1
i d e o l o g y,2
s u p e r i o r i t y,2
A r y a n,1
i n f e r i o r i t y,1
J e w s,1
u n d e s i r a b l e s,1
G e r m a n y,2
g i v e,5
o f f,3
p e a c e f u l,1
i m a g e,1
s e c r e t l y,1
p r e p a r i n g,1
W h e n,2
a p a r t h e i d,2
S o u t h,5
A f r i c a,5
p a r t i c u l a r l y,4
a d o p t e d,2
c o n s c i e n t i o u s,1
a p p r o a c h,6
a p p e a r,2
f e e l,2
e f f e c t i v e,1
c o n t r i b u t i o n,1
e v e n t u a l,2
d e m o l i t i o n,1
p r o l o n g e d,1
r e i n f o r c e d,1
w o r s t,1
e f f e c t s,4
h i s t o r y,132
I r e l a n d,1
G a e l i c,5
c o n n e c t e d,3
c u l t u r a l,16
n a t i o n a l i s m,3
U n t i l,3
m i d - 2 0 t h,1
c o u l d,5
h u r l i n g,1
a d m i n i s t e r e d,1
A t h l e t i c,1
G A A,3
s h e / h e,1
s u p p o r t e d,5
s e e n,5
B r i t i s h,4
o r i g i n,1
r e c e n t l y,2
b a n,3
R u l e,3
4 2,1
s t i l l,4
e n f o r c e d,1
C r o k e,1
P a r k,3
L a n s d o w n e,1
R o a d,3
r e d e v e l o p e d,1
A v i v a,1
S t a d i u m,1
u n d e r,17
2 1,2
m e m b e r s,5
s e c u r i t y,2
f o r c e s,10
R U C,1
G o o d,1
F r i d a y,1
A g r e e m e n t,1
r e m o v a l,1
N a t i o n a l i s m,2
e v i d e n t,1
p u r s u i t,2
r e p o r t i n g,1
c o m p e t e,2
c o m m e n t a t o r s,1
a d o p t,1
p a r t i s a n,1
v i e w,4
O n,5
o c c a s i o n,1
t e n s i o n s,1
l e a d,2
c o n f r o n t a t i o n,1
a m o n g,3
b e y o n d,1
F o o t b a l l,1
W a r,16
c o n t r a r y,1
f u n d a m e n t a l,1
c a r r i e d,3
p o l i t i c s,6
c o l l i d e d,1
1 9 7 2,2
M u n i c h,2
M a s k e d,1
e n t e r e d,2
h o t e l,1
I s r a e l i,1
k i l l e d,5
m a s s a c r e,1
s t u d y,24
e l e c t i o n s,2
s h o w n,1
a f f e c t,2
p u b l i s h e d,2
P r o c e e d i n g s,1
N a t i o n a l,16
A c a d e m y,1
S c i e n c e s,1
s h o w e d,2
h o m e,3
w i n s,2
b e f o r e,9
e l e c t i o n,16
i n c u m b e n t,2
c a n d i d a t e s,1
s h a r e,1
v o t e,2
1 . 5,1
p e r,1
c e n t,1
l o s s,3
o p p o s i t e,1
g r e a t e r,1
h i g h e r - p r o f i l e,1
u n e x p e c t e d,1
l o s s e s,1
A l s o,2
W a s h i n g t o n,3
R e d s k i n s,3
p r e s i d e n t,4
l i k e l y,2
l o s e,1
o p p o s i t i o n,9
c a n d i d a t e,1
c o n t r o l l i n g,2
s u b d u i n g,1
p o p u l a t i o n s,3
É t i e n n e,1
L a,3
B o é t i e,1
h i s,22
e s s a y,1
D i s c o u r s e,1
V o l u n t a r y,1
S e r v i t u d e,1
d e s c r i b e s,2
s p e c t a c l e s,2
t y r a n t s,1
s u b j e c t s,2
d i s t r a c t i n g,1
t h e m,12
D o,1
i m a g i n e,1
b i r d,2
e a s i l y,2
c a u g h t,2
d e c o y,1
n o r,2
f i s h,5
s o o n e r,1
f i x e d,1
h o o k,1
w o r m y,1
b a i t,2
p o o r,1
f o o l s,1
n e a t l y,1
t r i c k e d,1
s e r v i t u d e,1
s l i g h t e s t,2
f e a t h e r,1
p a s s e d,3
s p e a k,1
m o u t h s,1
T r u l y,1
m a r v e l l o u s,1
l e t,1
t h e m s e l v e s,10
q u i c k l y,3
t i c k l i n g,1
f a n c y,1
P l a y s,1
f a r c e s,1
g l a d i a t o r s,1
s t r a n g e,1
b e a s t s,1
m e d a l s,1
p i c t u r e s,2
o p i a t e s,1
p e o p l e s,2
s l a v e r y,4
p r i c e,1
l i b e r t y,2
i n s t r u m e n t s,1
t y r a n n y,1
B y,6
p r a c t i c e s,4
e n t i c e m e n t s,1
d i c t a t o r s,1
s u c c e s s f u l l y,3
l u l l e d,1
y o k e,1
s t u p e f i e d,1
f a s c i n a t e d,1
p a s t i m e s,1
v a i n,1
p l e a s u r e s,1
f l a s h e d,1
e y e s,1
l e a r n e d,1
s u b s e r v i e n c e,1
n a ï v e l y,1
c r e d i t a b l y,1
l i t t l e,1
l e a r n,3
r e a d,2
b r i g h t,1
p i c t u r e,1
b o o k s,2
D u r i n g,4
r u l e,5
B e n g a l,1
s u p p l a n t,1
B e n g a l i,1
r e s u l t i n g,1
n a t i v e,2
R e l i g i o u s,2
N e w,3
T e s t a m e n t,1
m e t a p h o r s,1
f o o t,1
d e d i c a t e d,2
Z e u s,2
P a n a t h e n a i c,1
a m p h o r a,1
K l e o p h r a d e s,1
p a i n t e r,1
c .,6
5 0 0,3
L o u v r e,1
m u s e u m,1
w o r s h i p,2
G r e e k,7
r e l i g i o n,5
h o n o u r,1
d e i t y,1
f e a t u r e d,1
v a r i o u s,6
r e l i g i o u s,4
d e d i c a t i o n,1
h i m,6
g o d s,1
p r a c t i c e,1
c r i t i c i s e d,1
C h r i s t i a n,4
t h i n k e r s,1
i d o l a t r y,2
h u m a n,25
b e i n g s,2
e x t o l,1
a d o r e,1
s a c r i f i c e,1
r e w a r d,1
c r i t i c s,2
m a n i f e s t a t i o n,1
c o l l e c t i v e,3
p r i d e,2
s e l f - d e i f i c a t i o n,1
f e a t s,1
p o w e r,17
i d o l i s e d,1
e x p e n s e,1
d i v i n e,1
T e r t u l l i a n,2
c o n d e m n s,1
d a y,1
i n s i s t i n g,1
e n t i r e,3
a p p a r a t u s,1
u p o n,1
s a y s,1
e x c i t e,1
p a s s i o n s,1
f o r e i g n,6
c a l m,1
t e m p e r a m e n t,1
c u l t i v a t e d,2
G o d,2
e n j o i n e d,1
u s,1
d e a l,2
c a l m l y,1
g e n t l y,1
q u i e t l y,1
p e a c e f u l l y,1
H o l y,1
S p i r i t,1
b e c a u s e,6
t h i n g s,2
k e e p i n g,2
g o o d n e s s,1
H i s,3
t e n d e r n e s s,1
s e n s i t i v e n e s s,1
W e l l,1
s h a l l,1
a c c o r d,1
?,4
a l w a y s,2
l e a d s,2
s p i r i t u a l,1
a g i t a t i o n,1
p l e a s u r e,2
k e e n n e s s,2
g i v i n g,3
z e s t,2
r i v a l r y,2
T h e n,1
t o o,4
r a g e,1
b i t t e r n e s s,1
w r a t h,1
g r i e f,1
b a d,1
f l o w,2
w h o l e,5
e n t i r e l y,2
o u t,9
C h r i s t,1
c l e r i c s,1
W e s l e y a n - H o l i n e s s,1
m o v e m e n t,2
o p p o s e,2
b e l i e v i n g,1
p r o f a n e,1
S a b b a t h,1
p r i m a r y,11
c o m m i t m e n t,2
e x h i b i t,1
l a c k,3
m o d e s t y,1
c h e e r l e a d e r s,1
u n i f o r m s,1
e x t e n s i v e,3
p r o f a n i t y,1
a l c o h o l,1
g o,1
t e e t o t a l i s m,1
g e n e r a l,20
s e e,6
H u m a n,3
E a r t h,2
d i s a m b i g u a t i o n,1
P a r t,2
s e r i e s,6
S t u d y,1
I n d e x O u t l i n e G l o s s a r y,1
c o n c e p t s,2
P e r i o d s,1
r e g i o n,10
N o t a b l e,1
h i s t o r i a n s,29
T i m e l i n e s,1
p o r t a l,1
C a t e g o r y,1
v t e,1
d e r i v e d,1
ἱ σ τ ο ρ ί α,2
h i s t o r í a,2
' i n q u i r y,2
k n o w l e d g e,9
a c q u i r e d,1
i n v e s t i g a t i o n,3
s y s t e m a t i c,1
d o c u m e n t a t i o n,2
n a r r a t i v e,14
e x a m i n e,5
q u e s t i o n,3
a n a l y s e,1
p a t t e r n s,4
c a u s e,1
H i s t o r i a n s,7
b e s t,2
e x p l a i n s,2
s i g n i f i c a n c e,1
c a u s e s,3
i t s e l f,4
u s e f u l n e s s,1
p e r s p e c t i v e,5
p r o b l e m s,2
p e r i o d,18
i n v e n t i o n,3
w r i t i n g,11
s y s t e m s,5
p r e h i s t o r y,6
u m b r e l l a,1
c o m p r i s i n g,1
m e m o r y,3
d i s c o v e r y,5
c o l l e c t i o n,2
o r g a n i z a t i o n,3
p r e s e n t a t i o n,3
i n t e r p r e t a t i o n,4
s e e k,1
h i s t o r i c a l,40
w r i t t e n,10
d o c u m e n t s,10
o r a l,6
a c c o u n t s,5
h i s t o r i e s,4
a r t i f a c t s,2
e c o l o g i c a l,2
m a r k e r s,1
S t o r i e s,1
e x t e r n a l,4
t a l e s,1
s u r r o u n d i n g,3
K i n g,12
A r t h u r,1
h e r i t a g e,6
l e g e n d s,2
d i f f e r s,1
m y t h,2
v e r i f i a b l e,1
i n f l u e n c e s,3
h e l p e d,2
c r e a t e,1
v a r i a n t,1
i n t e r p r e t a t i o n s,4
e v o l v e d,2
c e n t u r i e s,11
c o n t i n u e,2
t o d a y,2
w i d e - r a n g i n g,1
i n c l u d e s,7
r e g i o n s,5
t o p i c a l,1
t h e m a t i c,5
t a u g h t,2
s e c o n d a r y,6
u n i v e r s i t i e s,5
H e r o d o t u s,2
5 t h - c e n t u r y,1
B C E,7
h i s t o r i a n,6
f a t h e r,6
W e s t e r n,10
t r a d i t i o n,2
t h o u g h,3
h e,11
c r i t i c i z e d,2
l i e s,3
A l o n g,1
c o n t e m p o r a r y,3
T h u c y d i d e s,2
f o u n d a t i o n s,2
s o c i e t i e s,5
T h e i r,3
w o r k s,5
c u l t u r e - f o c u s e d,1
m i l i t a r y - f o c u s e d,1
r e m a i n s,4
p o i n t,1
c o n t e n t i o n,1
E a s t,4
A s i a,15
s t a t e,16
c h r o n i c l e,2
S p r i n g,1
A u t u m n,1
A n n a l s,1
r e p u t e d,1
d a t e,3
7 2 2,1
2 n d - c e n t u r y,1
t e x t s,3
s u r v i v e d,1
t i t l e,4
a t t r i b u t e d,1
r e s p e c t i v e,1
S i m a,1
Q i a n,1
I b n,1
K h a l d u n,1
K e n n e t h,1
D i k e,1
c o n c e p t u a l i z e s,1
h a p p e n e d,11
c o l l e c t i n g,2
a n a l y s i n g,2
c o n s t r u c t,3
n a r r a t i v e s,8
c o v e r,3
u n f o l d e d,1
w h y,4
c o n t e x t s,4
p r o v i d i n g,2
e x p l a n a t i o n,1
r e l e v a n t,2
b a c k g r o u n d,2
c o n d i t i o n s,1
c a u s a l,1
m e c h a n i s m s,1
e x a m i n e s,7
u n d e r l y i n g,1
m o t i v e s,1
d r i v i n g,1
s l i g h t l y,2
s e n s e,6
r e f e r s,2
f i e l d,6
s t u d y i n g,2
c o u n t a b l e,1
r e p r e s e n t a t i o n,3
t e x t,3
p r o d u c t s,1
a c t i v e,2
r e c o n s t r u c t i o n,2
p r e s e n t e d,1
d i s c o v e r,2
n e w,14
r e i n t e r p r e t,1
a l r e a d y - k n o w n,1
c o n t r a s t,2
s t a t i c,1
u n c h a n g e a b l e,1
i n t e r p r e t a t i v e,2
e x p l a n a t o r y,1
a s p e c t s,4
d i s t i n g u i s h,1
c h r o n i c l e s,2
a r g u i n g,1
c a t a l o g,1
c h r o n o l o g i c a l,1
w h e r e a s,1
c o m p r e h e n s i v e,3
u n d e r s t a n d i n g,5
c o n s e q u e n c e s,2
[,24
],24
T r a d i t i o n a l l y,2
c o n c e r n e d,1
f o c u s e d,2
r e c o r d e d,6
l e a v i n g,1
b,2
f i e l d s,6
a r c h e o l o g y,3
T o d a y,1
b r o a d e r,3
s c o p e,7
s t a r t i n g,4
e a r l i e s t,3
o r i g i n s,3
c,1
h u m a n i t i e s,3
L i k e,1
s c i e n t i s t s,1
f o r m u l a t e,1
h y p o t h e s e s,1
g a t h e r,1
a r g u m e n t s,1
A t,2
a l i g n s,1
c l o s e l y,4
r e l i a n c e,1
s t o r y t e l l i n g,2
e x p e r i e n c e,2
s t r o n g l y,2
s u p p o r t,11
c h a r a c t e r i z e,2
h y b r i d,1
b e l o n g,1
e x c l u s i o n,1
c o n t r a s t s,2
p s e u d o h i s t o r y,2
d e v i a t e s,1
h i s t o r i o g r a p h i c a l,1
s t a n d a r d s,3
r e l y i n g,3
d i s p u t e d,4
s e l e c t i v e l y,1
i g n o r i n g,2
g e n u i n e,1
d i s t o r t,1
r e c o r d,5
m o t i v a t e d,1
i d e o l o g i c a l,2
a g e n d a s,1
p s e u d o h i s t o r i a n s,1
m i m i c,1
m e t h o d o l o g y,2
m i s l e a d i n g,2
r i g o r o u s,1
s c h o l a r l y,4
c o n s e n s u s,1
P u r p o s e,1
s u g g e s t i o n s,1
p r o p o s e,2
f u n c t i o n,2
p u r e,1
t r u t h,3
e m p h a s i z e s,1
d i s i n t e r e s t e d,1
p u r p o s e s,2
t h r e a t e n,1
u n d e r m i n e,1
a c c u r a c y,3
r e s e a r c h,7
d i s t o r t i n g,1
m y t h s,1
l a c k i n g,1
f a c t u a l,1
m a i n,4
l e s s o n s,2
t e a c h e s,1
i d e a,1
g u i d e,1
a v o i d,2
r e p e a t i n g,1
p r e v i o u s,1
m i s t a k e s,1
r e l a t e d,8
f o c u s e s,3
c o n d i t i o n,1
a w a r e,2
d i v e r s i t y,1
a c r o s s,6
c o n t e x t s — s i m i l a r,1
v i s i t i n g,2
c o u n t r i e s,7
f o s t e r,2
c o h e s i o n,1
s h a r e d,2
h e l p i n g,1
p r e s e r v e,1
c u l t i v a t e,1
v a l u e s,1
g e n e r a t i o n s,1
p o l i t i c a l,14
j u s t i f y,1
s t a t u s,1
q u o,1
t r a d i t i o n s,2
r e s p e c t a b l e,1
h i g h l i g h t i n g,1
i n j u s t i c e s,1
P u s h e d,1
e x t r e m e,2
d e n i a l i s m,1
i n t e n t i o n a l l y,1
i g n o r e d,2
m i s i n t e r p r e t e d,1
s e r v i n g,1
i n t e r e s t s,1
F r e d e r i c k,2
D i e l m a n,1
1 8 9 6,1
r o m a n i z e d,1
h i s t o r í ā,1
l i t,1
i n q u i r y,6
j u d g e,2
A r i s t o t l e,1
A n i m a l s,1
a n c e s t o r,1
ἵ σ τ ω ρ,1
a t t e s t e d,3
H o m e r i c,1
H y m n s,1
H e r a c l i t u s,1
A t h e n i a n,1
e p h e b e s,1
o a t h,1
B o e o t i c,1
i n s c r i p t i o n s,2
w i t n e s s,1
s i m i l a r,1
b o r r o w e d,2
C l a s s i c a l,1
L a t i n,3
h i s t o r i a,3
d e s c r i p t i o n,2
s t o r y,7
p o s s i b l y,2
v i a,3
I r i s h,1
W e l s h,1
s t æ r,1
f e l l,3
l a t e,8
M e a n w h i l e,4
A n g l o - N o r m a n,2
d e v e l o p e d,3
i s t o r i e,1
e s t o i r e,1
h i s t o r i e,1
d e v e l o p m e n t s,9
b e g i n n i n g,7
1 2 t h,3
g r o u p,4
1 1 5 5,1
d r a m a t i c,1
p i c t o r i a l,1
1 2 4 0,1
b o d y,2
r e l a t i v e,1
e v o l u t i o n,6
1 2 6 5,1
r e a l,2
i m a g i n a r y,1
1 4 6 2,1
M i d d l e,2
p e r s i s t e d,1
1 3 t h - c e n t u r y,1
A n c r e n e,1
W i s s e,1
s e e m s,1
1 4 t h,3
a t t e s t a t i o n,1
a p p e a r i n g,1
J o h n,1
G o w e r,1
C o n f e s s i o,1
A m a n t i s,1
1 3 9 0 s,1
V I . 1 3 8 3,1
I,4
f i n d e,1
b o k,1
c o m p i l e d,1
|,2
T o,3
m a t i e r e,1
o l d,1
h i s t o i r e,2
c o m t h,1
n o u,1
m i,3
m e m o i r e,1
r e s t r i c t i o n,1
b r a n c h,5
d e a l s,1
f o r m a l,2
e s p,1
a f f a i r s,1
a r o s e,2
m i d - 1 5 t h,1
W i t h,1
R e n a i s s a n c e,1
s e n s e s,1
r e v i v e d,1
F r a n c i s,1
B a c o n,1
1 6 t h,2
w r o t e,1
n a t u r a l,2
o b j e c t s,2
s o r t,1
r e a s o n,2
p o e t r y,1
f a n t a s y,1
e x p r e s s i o n,1
l i n g u i s t i c,1
s y n t h e t i c,2
v s .,2
a n a l y t i c / i s o l a t i n g,1
d i c h o t o m y,1
C h i n e s e,2
史,1
诌,1
d e s i g n a t e s,2
s e p a r a t e,2
w o r d s,2
G e r m a n,2
G e r m a n i c,1
R o m a n c e,1
l a n g u a g e s,2
s o l i d l y,1
h i g h l y,1
i n f l e c t e d,1
m e a n,2
H i s t o r i a n,1
r e s e a r c h e r,1
1 5 3 1,1
s u b s t a n t i v e,1
h i s t o r i o g r a p h y,3
a d j e c t i v e,1
1 6 6 1,1
h i s t o r i c,2
1 6 6 9,1
D e s c r i p t i o n,1
p a g e,2
w r i t e,3
c o n t e x t,3
r e g a r d,1
c u r r e n t,2
d o m i n a n t,6
i d e a s,5
i n t e r p r e t,3
s o c i e t y,2
B e n e d e t t o,1
C r o c e,1
f a c i l i t a t e d,3
f o r m a t i o n,2
t r u e,2
d i s c o u r s e,3
p r o d u c t i o n,6
r e l a t i n g,1
i n s t i t u t i o n a l,1
r e m e m b e r e d,1
p r e s e r v e d,2
a u t h e n t i c,1
c o n s t i t u t e,1
t a s k,1
i d e n t i f y,3
u s e f u l l y,1
c o n t r i b u t e,2
a c c u r a t e,1
T h e r e f o r e,1
c o n s t i t u t i o n,2
a r c h i v e,2
c i r c u m s c r i b i n g,1
i n v a l i d a t i n g,1
f a l s i f y i n g,1
c l a i m s,1
r e p r e s e n t,1
s k i l l f u l l y,1
o b j e c t i v e l y,1
f o u n d,5
a r c h i v e s,2
p r o c e s s,6
c r e a t i n g,1
i n e v i t a b l y,1
g e n e r a t e s,1
r e m e m b e r,2
e m p h a s i z e,2
s c i e n c e s,2
b r o a d,4
i n c o r p o r a t i n g,1
m e t h o d o l o g i e s,2
2 0 t h,6
A n n a l e s,2
r e v o l u t i o n i z e d,1
o u t s i d e,3
d i s c i p l i n e s,1
e c o n o m i c s,2
s o c i o l o g y,1
g e o g r a p h y,1
p a s s i n g,2
a t t e m p t e d,1
a n s w e r,2
q u e s t i o n s,4
m o n u m e n t s,1
s e p a r a t e d,2
c a t e g o r i e s,1
s a i d,5
p h y s i c a l l y,1
c o n s u l t,1
B u t,1
m a r k e r,1
s e p a r a t e s,1
A r c h a e o l o g y,1
h e l p f u l,1
u n e a r t h i n g,1
b u r i e d,1
s i t e s,4
A r c h e o l o g i c a l,1
f i n d s,1
r a r e l y,1
s t a n d,2
c o m p l e m e n t i n g,1
d i s c o v e r i e s,2
A r c h e o l o g y,1
a p p r o a c h e s,4
i n d e p e n d e n t,2
H i s t o r i c a l,4
a r c h a e o l o g y,2
c o n c l u s i o n s,2
t e x t u a l,2
M a r k,1
L e o n e,1
e x c a v a t o r,1
i n t e r p r e t e r,1
A n n a p o l i s,1
M a r y l a n d,1
s o u g h t,2
u n d e r s t a n d,4
c o n t r a d i c t i o n,1
i d e a l i z i n g,1
d e m o n s t r a t i n g,1
p o s s e s s i o n,1
s l a v e s,4
i n e q u a l i t i e s,1
w e a l t h,2
a p p a r e n t,1
e n v i r o n m e n t,2
v a r i e t i e s,1
w a y s,1
c h r o n o l o g i c a l l y,1
c u l t u r a l l y,1
t e r r i t o r i a l l y,1
t h e m a t i c a l l y,1
d i v i s i o n s,1
m u t u a l l y,1
e x c l u s i v e,1
s i g n i f i c a n t,5
i n t e r s e c t i o n s,1
p o s s i b l e,1
v e r y,3
t r e n d,1
s p e c i a l i z a t i o n,2
a r e a,12
B i g,3
r e s i s t s,1
s e a r c h e s,1
u n i v e r s a l,1
s t u d i e d,6
p r a c t i c a l,1
t h e o r e t i c a l,2
s i m p l e,2
c u r i o s i t y,1
H i s t o r i o g r a p h y,3
H i s t o r i a,1
d ' I t a l i a,1
F i r s t l y,1
r e f e r,5
p r o d u c e d,6
m o v e,1
s h o r t - t e r m,1
b i o g r a p h i c a l,1
l o n g - t e r m,2
S e c o n d l y,1
m e d i e v a l,3
1 9 6 0 s,3
W o r k s,1
T h i r d l y,1
p h i l o s o p h y,4
m e t a - l e v e l,1
d e s c r i p t i o n s,1
c o n c e p t i o n,1
r e l a t e,1
m e t h o d,3
c o h e r e n t,1
M e t h o d s,1
t e c h n i q u e s,3
c o v e r i n g,2
p r o c e s s e s,2
e v a l u a t i n g,2
s y n t h e s i z i n g,1
d,1
s e e k s,3
r i g o r,1
r e l i a b i l i t y,1
c h o s e n,1
a n a l y s e d,1
i n t e r p r e t e d,1
s t a r t s,2
d e f i n e,1
O t h e r s,4
e x p l a i n,1
o c c u r r e d,5
r e f u t e,1
t h e o r y,1
c o n f i r m,1
h y p o t h e s i s,1
S o u r c e s,1
c r i t i c i s m,6
t y p e s,2
r e c o n s t r u c t,1
P r i m a r y,2
l e t t e r s,1
d i a r i e s,1
e y e w i t n e s s,2
p h o t o g r a p h s,2
a u d i o,1
r e c o r d i n g s,1
e x a m i n e d,1
g e o l o g y,2
m e d i c a l,2
f o s s i l s,1
u n e a r t h e d,1
e x c a v a t i o n s,1
o f f e r,2
d i r e c t,2
a n a l y s e s,1
i n t e r p r e t s,2
W h e t h e r,1
d o c u m e n t,3
d e p e n d s,1
w r i t e s,1
o p i n i o n,1
e,1
C o n s i s t e n c y,1
r e v i s e,1
d i s m i s s,1
p r e v i o u s l y,2
S o u r c e,1
p r o v i d e s,1
f,1
T y p i c a l l y,1
b e g i n s,2
e v a l u a t e s,2
a u t h e n t i c i t y,1
a d d r e s s e s,1
a u t h o r,2
d e t e r m i n e,1
u n d e r g o n e,1
t y p e,1
m o d i f i c a t i o n,1
c r e a t i o n,2
A d d i t i o n a l l y,1
d i s t i n g u i s h i n g,1
o r i g i n a l,2
m e r e,1
c o p i e s,1
d e c e p t i v e,1
f o r g e r i e s,1
I n t e r n a l,1
c o n t e n t,4
t y p i c a l l y,2
c l a r i f i c a t i o n,1
d i s a m b i g u a t i n g,1
m i s u n d e r s t o o d,1
t r a n s l a t i o n,1
l a n g u a g e,1
g,1
O n c e,2
u n d e r s t o o d,1
i n t e r n a l,1
i n t e r e s t e d,2
C r i t i c s,1
m i s r e p r e s e n t s,1
t o p i c,5
o m i t s,1
d e t a i l s,1
a s s e s s m e n t s,1
e v a l u a t e,1
f a i t h f u l,1
c o n s i d e r,1
i n t e n t i o n s,1
p r e j u d i c e s,2
B e i n g,1
i n a d e q u a c i e s,1
h e l p s,1
d e c i d e,1
t r u s t,1
S y n t h e s i s,1
s c h o o l s,5
t h o u g h t,4
s e l e c t i o n,3
v a l i d a t i o n,1
m o s t l y,1
i s o l a t e d,2
s t a t e m e n t s,1
n e x t,4
s t e p,1
t e r m e d,1
s y n t h e s i s,2
p i e c e s,1
f i t,1
t o g e t h e r,1
l a r g e r,2
h,1
C o n s t r u c t i n g,1
c r u c i a l,1
c r e a t i v e,1
a s p e c t,1
i,1
r e c o n s t r u c t s,1
s h o w i n g,1
a d d r e s s,1
W h i l e,4
t o o l s,4
o v e r v i e w,2
c o m p l e x,1
p e r i o d i z a t i o n,1
d i v i d e s,3
t i m e f r a m e,1
p e r i o d s,4
c e n t r a l,6
t h e m e s,3
s h a p e d,2
t h r e e - a g e,1
S t o n e,1
A g e,5
B r o n z e,1
I r o n,4
p r e d o m i n a n t,1
A n o t h e r,2
m e t h o d o l o g i c a l,2
e x a m i n a t i o n,2
s i l e n c e s,1
g a p s,1
o m i s s i o n s,1
d i d,1
l e a v e,3
e v i d e n t i a l,1
t r a c e s,1
S i l e n c e s,1
h a p p e n,1
c o n t e m p o r a r i e s,1
o b v i o u s,1
o c c u r,1
r e a s o n s,1
w i t h h o l d,1
d e s t r o y,1
j,1
C o n v e r s e l y,1
d a t a s e t s,1
q u a n t i t a t i v e,5
e c o n o m i c,15
e m p l o y,2
s t a t i s t i c a l,2
D i f f e r e n t,2
i m p l i c a t i o n s,1
P o s i t i v i s t s,1
s c i e n t i f i c,3
f o c u s i n g,1
e m p i r i c a l,1
t r u t h s,1
p o s t m o d e r n i s t s,1
r e j e c t,1
g r a n d,1
I n s t e a d,2
h i g h l i g h t,1
m u l t i p l i c i t y,1
d i v e r g e n t,1
p e r s p e c t i v e s,3
M a r x i s t s,1
c l a s s,1
s t r u g g l e s,2
h i g h l i g h t s,1
i n t e r d i s c i p l i n a r y,2
F e m i n i s t,1
i n t e r e s t,1
e x p e r i e n c e s,4
p a t r i a r c h a l,1
A r e a s,2
e n c o m p a s s i n g,2
b r a n c h e s,9
c o n c e n t r a t e,1
g e o g r a p h i c,3
d i s t i n c t,5
t h e m e,3
S p e c i a l i z a t i o n s,1
c o m b i n e d,1
m e r g e s,1
t e m p o r a l,1
r e g i o n a l,3
t o p i c s,3
a m o u n t,1
n a r r o w,2
a r r i v e,1
C h r o n o l o g i c a l,1
d i v i s i o n,1
o r g a n i z i n g,1
v a s t,4
e x p a n s e,1
m a n a g e a b l e,1
s e g m e n t s,1
d e f i n e d,1
f r a m e,1
i n i t i a t e d,1
s e l e c t e d,2
d e t a i l,1
s h o r t,1
d e c a d e,1
l o n g e r,1
i n f l u e n t i a l,4
p o s t - c l a s s i c a l,2
k,1
P r e h i s t o r y,2
h u m a n - l i k e,2
s p e c i e s,10
e m e r g e n c e,3
a n a t o m i c a l l y,6
"2 0 0 , 0 0 0",2
S u b s e q u e n t l y,1
m i g r a t e d,1
p o p u l a t e,1
e a r t h,1
T o w a r d s,1
t e c h n o l o g i c a l,3
a d v a n c e s,1
n o m a d i c,1
l i f e s t y l e,2
g a t h e r i n g,1
f a v o r,1
s e d e n t a r y,1
a g r i c u l t u r e,3
a b s e n c e,2
r e s e a r c h e r s,2
u n i q u e,1
a n t h r o p o l o g y,1
p a l e o n t o l o g y,1
r o u g h l y,2
3 5 0 0,1
s a w,2
c i v i l i z a t i o n s,6
M e s o p o t a m i a,2
I n d u s,2
V a l l e y,2
P e r u,1
c o m p l e x i t i e s,1
n e c e s s i t a t e d,1
T h a n k s,1
a d v a n c e m e n t s,2
s u r p l u s,1
f o o d,5
a c c o m p a n i e d,3
u r b a n i z a t i o n,1
e s t a b l i s h m e n t,3
n e t w o r k s,4
e m p i r e s,8
p h i l o s o p h i c a l,3
f o r m u l a t e d,3
H i n d u i s m,4
B u d d h i s m,6
C o n f u c i a n i s m,2
J u d a i s m,1
C E,5
i n f l u e n c e,4
r e l i g i o n s,4
g r o w,1
M i s s i o n a r y,1
C h r i s t i a n i t y,3
I s l a m,3
s p r e a d,8
r a p i d l y,2
m a r k i n g,1
s h i f t,2
g r a d u a l l y,3
r e p l a c e d,1
l o c a l,3
b e l i e f,1
i n t e r - r e g i o n a l,1
f l o u r i s h e d,2
e x c h a n g e,4
C o n q u e r i n g,1
t e r r i t o r i e s,2
M o n g o l,3
E m p i r e,10
f o r c e,1
1 3 t h,3
1 5 0 0,1
s t a t e s,8
r o s e,2
g u n p o w d e r,1
e x p l o r e d,1
c o l o n i z e d,2
p a r t s,2
A m e r i c a s,6
i n t e g r a t e d,1
n e t w o r k,2
t r i g g e r i n g,1
b i o l o g i c a l,1
p l a n t s,1
a n i m a l s,1
d i s e a s e s,2
l,1
S c i e n t i f i c,1
R e v o l u t i o n,3
p r o m p t e d,3
a c c e l e r a t e d,2
p r o g r e s s,3
h u m a n i s m,1
E n l i g h t e n m e n t,1
u s h e r e d,1
s e c u l a r i z a t i o n,1
1 8 t h,3
I n d u s t r i a l,2
t r a n s f o r m e d,2
e c o n o m i e s,1
i n t r o d u c i n g,2
e f f i c i e n t,1
m o d e s,1
p o w e r s,4
c o l o n i a l,3
g a i n i n g,1
i n d u s t r i a l i z e d,1
g o o d s,2
m a r k e d,4
g l o b a l i z a t i o n,1
r e v o l u t i o n s,1
a u t o c r a t i c,1
r e g i m e s,1
p a v i n g,1
d e m o c r a c i e s,1
e c o n o m y,3
p o p u l a t i o n,12
u n p r e c e d e n t e d,1
r a t e s,1
d e s p i t e,1
d e s t r u c t i o n,1
c a u s e d,1
w a r s,4
r e b a l a n c e d,1
r e l a t i o n s,8
u n d e r m i n i n g,1
l o c a t i o n,1
c a t e g o r i z e d,1
l o c a t i o n s,1
G e o g r a p h y,3
r e s o u r c e s,2
b o u n d a r i e s,3
i n t e r a c t i o n s,2
m,1
s e t t l e m e n t,1
e n c o m p a s s,1
c o n t i n e n t s,1
O c e a n i a,3
s t a n d s,1
d a w n,1
c i v i l i z a t i o n,3
4 t h,3
m i l l e n n i u m,4
O v e r,2
m i l l e n n i a,4
n o t a b l e,1
k i n g d o m s,2
f o r m e d,3
N u b i a,1
A x u m,1
C a r t h a g e,1
G h a n a,1
M a l i,1
S o n g h a y,1
s p r e a d i n g,1
N o r t h,6
7 t h,1
f a i t h,1
t r a n s - S a h a r a n,1
r o u t e,3
i n t e n s i f i e d,1
B e g i n n i n g,1
1 5 t h,5
A f r i c a n s,2
e n s l a v e d,1
f o r c i b l y,1
t r a n s p o r t e d,1
A t l a n t i c,1
s l a v e,1
c o n t i n e n t,3
1 9 t h,5
r i s i n g,3
A f r i c a n,2
g a i n e d,5
i n d e p e n d e n c e,4
a f t e r m a t h,1
I I,5
r a p i d,1
g r o w t h,4
s t a b i l i t y,3
a r r i v e d,2
"1 0 0 , 0 0 0",1
c r a d l e s,1
e m e r g e,1
3 r d,2
c o n c e i v e d,1
T a o i s m,1
S i l k,1
E u r a s i a,1
p o w e r f u l,1
d o m i n a t e d,5
g r e w,3
c u l m i n a t i n g,2
c a m e,3
u n t i l,8
p o s t - i n d e p e n d e n c e,1
c h a r a c t e r i z e d,4
m o d e r n i z a t i o n,1
s t e e p,1
"4 5 , 0 0 0",1
a r r i v a l,4
l a i d,1
l a t e r,8
B y z a n t i n e,1
f a l l,1
5 t h,2
S t a r t i n g,1
e x p l o r a t i o n,1
c o l o n i z a t i o n,2
i n t e r c o n n e c t e d,1
g l o b e,2
s o l i d i f i e d,1
o v e r s e a s,1
c o l o n i e s,1
d e v a s t a t i n g,1
C o l d,3
e r a,5
E a s t e r n,2
b l o c,1
r e u n i f i e d,1
U n i o n,3
"2 0 , 0 0 0",2
"1 5 , 0 0 0",1
N o r t e,1
C h i c o,1
M a y a,1
O l m e c,1
C e n t r a l,2
b e s i d e,1
T e o t i h u a c a n,1
A z t e c,1
I n c a,1
F o l l o w i n g,3
E u r o p e a n s,2
o n w a r d s,1
n e w l y,2
d r a s t i c a l l y,1
r e d u c e d,2
T o g e t h e r,1
m a s s i v e,1
i n f l u x,1
c o l l a p s e,2
d e m o g r a p h i c,1
l a n d s c a p e s,1
r e s h a p e d,1
I n d e p e n d e n c e,1
m o v e m e n t s,3
n a t i o n s,3
k e y,2
"6 0 , 0 0 0",1
"5 0 , 0 0 0",1
d i v e r s e,1
c u l t u r e s,3
A u s t r a l i a,2
P a p u a,1
G u i n e a,1
P a c i f i c,2
I s l a n d s,1
t r a n s f o r m a t i o n s,1
d r a g g e d,1
c o n f l i c t s,3
e x p e r i e n c e d,2
d e c o l o n i z a t i o n,1
p o s t - w a r,2
b e l o n g i n g,1
s u b d i v i s i o n,1
v a g u e,1
r e l a t i o n,2
c l e a r,2
P o l i t i c a l,2
e x a m i n i n g,3
a r i s e,1
d e v e l o p,2
i n t e r a c t,1
T h r o u g h o u t,1
s t a t e - l i k e,1
e x p l o r e s,1
i n t e r n a l l y,1
f a c t i o n s,2
p a r t i e s,4
l e a d e r s,3
i n s t i t u t i o n s,3
p o l i c i e s,1
i m p l e m e n t e d,2
i n t e r a c t e d,1
a n t i q u i t y,1
s u b f i e l d s,1
D i p l o m a t i c,2
c o v e r s,3
n e g o t i a t i o n s,2
s t r a t e g i c,1
c o n s i d e r a t i o n s,2
t r e a t i e s,1
o r g a n i z a t i o n s,2
M i l i t a r y,1
a r m e d,4
b a t t l e,2
d i s c u s s i o n,1
s t r a t e g i e s,1
t a c t i c s,1
E c o n o m i c,2
c o m m o d i t i e s,1
e x c h a n g e d,1
c o n s u m e d,1
l a n d,5
l a b o u r,2
c a p i t a l,4
s u p p l y,5
d e m a n d,2
c o s t s,1
d i s t r i b u t i o n,1
i n c o m e,1
i m p e r s o n a l,1
i n f l a t i o n,1
a c t i o n s,2
I f,1
e n o u g h,1
l i m i t e d,3
f o r c i n g,1
s c a r c e,1
e x t r a p o l a t e,1
S o c i a l,1
i n v e s t i g a t i n g,1
p h e n o m e n a,2
t h e o r i s t s,1
e v e r y d a y,1
d o m a i n s,1
f a m i l y,1
c l a s s e s,1
r a c e s,1
g e n d e r s,1
p o v e r t y,1
d i s e a s e,2
C l o s e l y,2
I n t e l l e c t u a l,1
p h i l o s o p h i e s,1
i d e o l o g i e s,1
b e l i e f s,1
o r d i n a r y,1
a d d i t i o n,1
i n v e s t i g a t e s,1
t h e o r i e s,1
s t y l e s,1
E n v i r o n m e n t a l,2
r e s t,2
a f f e c t e d,4
c o n s t i t u t i o n a l,3
u r b a n,2
d i g i t a l,2
C o m p a r a t i v e,1
c o m p a r e s,1
s i m i l a r i t i e s,1
d i f f e r e n c e s,2
U n l i k e,1
r e l i e s,1
r e p o r t s,2
r e f l e c t s,2
p e r s o n a l,1
h e a r s a y,1
c o m m u n a l,1
C o u n t e r f a c t u a l,1
c o u n t e r f a c t u a l,1
t h i n k i n g,1
a l t e r n a t i v e,2
c o u r s e s,3
e x p l o r i n g,1
c i r c u m s t a n c e s,1
d i s t i n g u i s h e d,1
o u t l o o k,1
M a r x i s t,2
f e m i n i s t,1
d i s t i n c t i o n s,1
b r o a d e s t,1
B a n g,1
m a c r o h i s t o r y,1
m e s o h i s t o r y,1
m i c r o h i s t o r y,2
s c a l e s,1
r a n g i n g,1
l a r g e - s c a l e,1
d e t a i l e d,1
c o m m u n i t i e s,2
g e n r e,1
b i o g r a p h y,1
r e c o u n t s,1
l e g a c y,1
l e f t,3
P u b l i c,1
p u b l i c,4
h a p p e n s,1
s e t t i n g s,1
m u s e u m s,1
J u d g e m e n t,1
A s h,1
h e a p,1
d i s a v o w e d,1
j u d g e m e n t,2
j u d g e m e n t s,2
n e e d,1
a f t e r,15
T e a c h i n g,1
S c h o l a r s h i p,1
v s,1
t e a c h i n g,9
t o o k,3
B r i t a i n,2
t w e n t i e t h,1
r e g a r d i n g,1
O x f o r d,3
C a m b r i d g e,1
s c h o l a r s h i p,2
d o w n p l a y e d,1
P r o f e s s o r,2
C h a r l e s,1
H a r d i n g,1
F i r t h,1
R e g i u s,1
1 9 0 4,2
r i d i c u l e d,1
s u i t e d,1
p r o d u c e,1
s u p e r f i c i a l,2
j o u r n a l i s t s,1
t u t o r s,2
v o t e s,1
p r o f e s s o r s,1
f o u g h t,2
b a c k,2
d e f e n c e,1
s a y i n g,1
o u t s t a n d i n g,1
s t a t e s m e n,1
a d m i n i s t r a t o r s,1
p r e l a t e s,1
d i p l o m a t s,1
m i s s i o n,3
v a l u a b l e,1
t r a i n i n g,2
s c h o l a r s,2
S e c o n d,3
f o r c e d,1
a s p i r i n g,1
y o u n g,2
t e a c h,2
o u t l y i n g,1
M a n c h e s t e r,1
U n i v e r s i t y,2
T h o m a s,1
T o u t,1
p r o f e s s i o n a l i z i n g,1
u n d e r g r a d u a t e,2
t h e s i s,1
c o n c e n t r a t e d,1
P h D - p r o d u c i n g,1
c o l l e g e s,1
t e n d e n c y,1
l a t t e r,2
p r o d u c t i v i t y,2
y o u n g e r,1
t e n u r e - t r a c k,1
f a c u l t y,1
F u r t h e r m o r e,1
r e l i e d,1
i n e x p e n s i v e,1
p a r t - t i m e,1
a d j u n c t s,1
d o,1
c l a s s r o o m,1
p r i o r i t y,1
s t r o n g,1
C i v i l i z a t i o n,1
s t u d e n t s,5
1 9 8 0,1
a t t e n t i o n,1
m o v e d,1
n o n - w e s t e r n,1
p r e p a r e,1
g l o b a l i z e d,1
N o u v e l l e,1
d i s s e m i n a t e d,1
C a h i e r s,1
p é d a g o g i q u e s,1
E n s e i g n e m e n t,1
j o u r n a l s,1
t e a c h e r s,3
I n s t i t u t,1
r e c h e r c h e,1
e t,1
p é d a g o g i q u e,1
I N R D P,1
J o s e p h,1
L e i f,1
I n s p e c t o r - g e n e r a l,1
t e a c h e r,1
p u p i l s,2
f a c t s,1
d a t e s,3
L o u i s,1
F r a n ç o i s,1
D e a n,1
H i s t o r y / G e o g r a p h y,1
I n s p e c t o r a t e,1
E d u c a t i o n,2
a d v i s e d,1
w o u l d,3
i m m e n s e,1
h a p p i n e s s,1
P r o p o n e n t s,1
r e a c t i o n,1
m e m o r i z a t i o n,1
n a m e s,1
b o r e d,1
T r a d i t i o n a l i s t s,1
p r o t e s t e d,1
l o u d l y,1
p o s t m o d e r n,1
i n n o v a t i o n,1
t h r e a t e n e d,3
i g n o r a n t,1
p a t r i o t i s m,2
B i a s,1
b o o k s t o r e,1
t e x t b o o k s,7
e n e m i e s,2
s p o n s o r e d,1
g o v e r n m e n t,15
p u t,3
f a v o r a b l e,1
l i g h t,1
J a p a n,2
m e n t i o n,2
N a n k i n g,1
M a s s a c r e,1
c u r s o r y,1
t r e a t m e n t,1
c o m p l a i n e d,1
T u r k e y,1
A r m e n i a n,1
G e n o c i d e,2
T u r k i s h,1
d e n i a l,1
g e n o c i d e,3
A c a d e m i c,1
p o l i t i c i z a t i o n,1
s u c c e s s,1
s t a n d a r d,1
c o m m u n i s t,2
r i g i d,1
c o m p a n y,2
d i f f e r,1
A n,2
r e p r e s e n t e d,2
c o u n t r y,21
S o u t h e r n,2
C i v i l,2
t r e a t e d,1
M c G r a w - H i l l,1
d e s c r i b i n g,1
p l a n t a t i o n s,1
w o r k e r s,1
i n s t e a d,1
t e x t b o o k,1
2 1 s t - c e n t u r y,1
c u r r i c u l u m,1
c o n t r o l l e d,2
1 6,1
s u p e r p a t r i o t i s m,1
p a c i f i s t i c,1
u n p a t r i o t i c,1
u n d e r t o n e,1
U N E S C O,2
t h u s,2
o r i e n t e d,1
t o w a r d s,1
d e m o c r a c y,6
p e a c e,4
d o w n p l a y,1
a m b i t i o n s,1
c i t i z e n s h i p,1
c e n t r e d,1
t o l e r a n c e,1
E u r o p e a n n e s s,1
C a m b o d i a,99
o f f i c i a l l y,1
K i n g d o m,8
S o u t h e a s t,11
I n d o c h i n e s e,1
P e n i n s u l a,1
b o r d e r e d,1
T h a i l a n d,13
n o r t h w e s t,2
L a o s,5
n o r t h,4
V i e t n a m,16
e a s t,3
c o a s t l i n e,3
G u l f,6
s o u t h w e s t,1
s p a n s,1
"1 8 1 , 0 3 5",2
s q u a r e,10
k i l o m e t r e s,7
"6 9 , 8 9 8",2
m i l e s,6
1 7,3
I t s,3
p o p u l o u s,1
c i t y,3
P h n o m,13
P e n h,7
S i e m,2
R e a p,2
B a t t a m b a n g,2
8 0 2,2
J a y a v a r m a n,3
d e c l a r e d,2
h i m s e l f,1
k i n g,8
u n i t i n g,1
w a r r i n g,1
K h m e r,37
p r i n c e s,1
C h e n l a,5
n a m e,5
K a m b u j a,1
I n d i a n i s e d,2
k i n g d o m,3
u n d e r t o o k,1
i n f r a s t r u c t u r a l,1
p r o j e c t s,2
t h r o u g h o u t,1
d e c l i n e,1
P o s t - A n g k o r,3
P e r i o d,2
1 8 6 3,2
P r o t e c t o r a t e,1
A f t e r,5
J a p a n e s e,3
o c c u p a t i o n,3
1 9 5 3,3
e x t e n d e d,1
1 9 6 5,1
H o,1
C h i,1
M i n h,1
S i h a n o u k,20
t r a i l s,1
1 9 7 0,6
c o u p,5
i n s t a l l e d,1
U S - a l i g n e d,1
R e p u b l i c,6
o v e r t h r o w n,1
R o u g e,21
r u l e d,1
C a m b o d i a n,26
1 9 7 9,1
o u s t e d,3
C a m b o d i a n – V i e t n a m e s e,2
V i e t n a m e s e - o c c u p i e d,1
P e o p l e,12
K a m p u c h e a,10
1 9 9 1,3
P e a c e,3
A c c o r d s,1
f o r m a l l y,1
e n d e d,3
N a t i o n s,7
1 9 9 2 – 9 3,1
U N,4
w i t h d r e w,1
1 9 9 3,3
9 0,2
r e g i s t e r e d,1
v o t e r s,1
1 9 9 7,3
d ' é t a t,2
c o n s o l i d a t e d,2
P r i m e,9
M i n i s t e r,9
H u n,20
S e n,18
P a r t y,12
C P P,8
c o n s t i t u t i o n a l l y,1
m u l t i - p a r t y,1
d o m i n a t e s,1
d i s s o l v e d,3
p a r t y,6
2 0 1 7,2
o n e - p a r t y,4
c u r r e n t l y,3
l e a s t,1
m e m b e r,6
A S E A N,6
R C E P,1
S u m m i t,3
W T O,2
N o n - A l i g n e d,1
M o v e m e n t,1
F r a n c o p h o n i e,1
d i a l o g u e,1
p a r t n e r,1
S h a n g h a i,1
C o o p e r a t i o n,1
O r g a n i s a t i o n,1
A g r i c u l t u r e,1
s e c t o r,1
t e x t i l e s,1
c o n s t r u c t i o n,2
g a r m e n t s,1
t o u r i s m,2
i n v e s t m e n t,3
v u l n e r a b l e,2
c l i m a t e,5
N a m e s,1
a n g l i c i s a t i o n,1
C a m b o d g e,1
t r a n s l i t e r a t i o n,1
ក ម ្ ព ុ ជ ា,2
K â m p ŭ c h é a,5
p r o n o u n c e d,4
k a m p u c i ə,3
s h o r t e n e d,1
ព ្ រ ះ រ ា ជ ា ណ ា ច ក ្ រ ក ម ្ ព ុ ជ ា,1
P r e ă h,1
R é a c h é a n a c h â k r,1
p r e a h,1
r i ə c i ə n a ː c a k,1
e n d o n y m,1
d e r i v e s,1
S a n s k r i t,1
क म ् ब ो ज द े श,1
K a m b o j a d e ś a,1
c o m p o s e d,1
द े श,1
D e ś a,1
क म ् ब ो ज,1
K a m b o j a,2
r e f e r r i n g,1
d e s c e n d a n t s,1
K a m b u,3
l e g e n d a r y,1
I n d i a n,3
s a g e,1
1 5 2 4,1
A n t o n i o,1
P i g a f e t t a,1
c i t e s,1
R e l a z i o n e,1
d e l,1
p r i m o,1
v i a g g i o,1
i n t o r n o,1
a l,1
m o n d o,1
1 5 2 4 – 1 5 2 5,1
C a m o g i a,1
S c h o l a r,1
G e o r g e,1
C o e d e s,2
1 0 t h - c e n t u r y,1
i n s c r i p t i o n,1
d y n a s t i c,1
l e g e n d,2
h e r m i t,1
S w a y a m b h u v a,2
c e l e s t i a l,1
n y m p h,1
M e r a,1
u n i t e,1
e s t a b l i s h,1
S o l a r,1
r o y a l,1
d y n a s t y,2
K a m b u - M e r a,1
r u l e r,2
S r u t a v a r m a n,1
s o n,6
S r e s h t h a v a r m a n,1
s o u t h e r n,3
v e r s i o n,1
K a n c h i,1
P a l l a v a,1
C o l l o q u i a l l y,1
C a m b o d i a n s,3
S r o k,1
ស ្ រ ុ ក ខ ្ ម ែ រ,1
S r ŏ k,1
K h m ê r,1
s r o k,1
k ʰ m a e,1
L a n d,1
K h m e r s,1
ប ្ រ ទ េ ស ក ម ្ ព ុ ជ ា,1
P r â t é s,1
p r ɑ t e h,1
C o u n t r y,1
E a r l y,1
G l a z e d,1
s t o n e w a r e,1
d a t i n g,1
e x i s t s,1
P l e i s t o c e n e,1
q u a r t z,1
q u a r t z i t e,1
p e b b l e,1
t e r r a c e s,1
M e k o n g,10
R i v e r,4
S t u n g,1
T r e n g,1
K r a t i é,1
p r o v i n c e s,5
K a m p o t,1
P r o v i n c e,2
a r c h a e o l o g i c a l,2
h u n t e r - g a t h e r e r s,1
i n h a b i t e d,1
H o l o c e n e,2
s i t e,6
c a v e,1
L a a n g,1
S p e a n,1
b e l o n g s,2
H o a b i n h i a n,1
E x c a v a t i o n s,1
l a y e r s,2
r a d i o c a r b o n,1
6 0 0 0,1
U p p e r,1
g a v e,2
t r a n s i t i o n,2
N e o l i t h i c,1
c o n t a i n i n g,2
d a t e d,1
e a r t h e n w a r e,1
c e r a m i c s,1
A r c h a e o l o g i c a l,1
r e c o r d s,1
r e m a i n,3
e q u a l l y,1
p e n e t r a t i o n,1
r i c e,4
f a r m e r s,1
P r e h i s t o r i c,1
c i r c u l a r,2
e a r t h w o r k s,2
d i s c o v e r e d,2
r e d,1
s o i l s,1
n e a r,1
M e m o t,1
a d j a c e n t,2
1 9 5 0 s,1
d e b a t e d,1
s e c o n d,2
p r e h i s t o r i c,1
s o m e w h a t,1
u n c e r t a i n,1
S a m r o n g,1
O u d o n g,1
i n v e s t i g a t i o n s,2
1 8 7 5,1
P h u m,2
S n a y,2
n o r t h e r n,1
p r o v i n c e,4
B a n t e a y,2
M e a n c h e y,3
w o r k e d,1
s u p p o r t i n g,2
c o m i n g,1
K h o r a t,1
P l a t e a u,1
s e t t l e m e n t s,1
b e n e a t h,1
B a k s e i,1
C h a m k r o n g,1
A n g k o r i a n,2
t e m p l e s,2
L o v e a,1
n o r t h - w e s t,1
A n g k o r,7
B u r i a l s,1
t e s t i f y,1
i m p r o v e m e n t,1
a v a i l a b i l i t y,1
s t r u c t u r e,1
K i n d s,1
g l a s s,1
b e a d s,1
r e c o v e r e d,1
P r o h e a r,1
s o u t h e a s t,3
t r a d i n g,1
2 n d – 4 t h,1
p r o b a b l y,1
s o c i o - p o l i t i c a l,1
P r e - A n g k o r i a n,1
a r t i c l e s,4
F u n a n,2
W a t,1
F a c e s,1
B o d h i s a t t v a,1
A v a l o k i t e s h v a r a,1
P r a s a t,1
B a y o n,1
s u c c e s s o r,1
c o a l e s c e d,1
s o u t h w e s t e r n,3
"2 , 0 0 0",1
a b s o r b e d,1
A s i a n,6
c i v i l i s a t i o n s,1
r e m n a n t s,1
f i r m l y,1
r e i g n e d,1
7 9 0,1
8 3 5,1
J a v a,1
p r o c l a i m e d,1
D e v a r a j a,1
f o l l o w e r s,2
i n s t i t u t e d,1
c u l t,1
G o d - k i n g,1
c o n q u e s t s,1
e m p i r e,6
9 t h,1
V I I I,1
a t t a c k e d,1
a r m y,4
K u b l a i,1
K h a n,1
b u y,1
A r o u n d,1
T h e r a v a d a,2
m i s s i o n a r i e s,2
S r i,1
L a n k a,1
r e i n t r o d u c e d,1
h a v i n g,1
s e n t,1
1 1 9 0 s,1
e v e n t u a l l y,2
d i s p l a c e d,1
M a h a y a n a,1
1 2 9 5,1
I n d r a v a r m a n,1
I I I,1
c e n t r e,1
c a p i t a l s,1
c o n s t r u c t e d,1
z e n i t h,1
2 0 0 7,3
s a t e l l i t e,1
c o n c l u d e d,1
p r e - i n d u s t r i a l,1
s p r a w l,1
"2 , 9 8 0",1
"1 , 1 5 1",1
n e i g h b o u r i n g,2
s a c k e d,1
A y u t t h a y a,1
a b a n d o n e d,1
1 4 3 2,1
f a i l u r e,1
i n f r a s t r u c t u r e,4
b r e a k d o w n,1
m a p,4
I n d o c h i n a,3
1 7 6 0,1
h i l l,1
t r i b e,1
h u n t e d,1
i n c e s s a n t l y,1
S i a m e s e,1
T h a i,2
A n n a m i t e s,1
V i e t n a m e s e,17
F o r m e r l y,1
D e l t a,1
1 6 9 8,1
C h e y,1
C h e t t h a,1
g r a n t i n g,1
p e r m i s s i o n,1
s e t t l e,1
c o l o n i s a t i o n,1
C o r o n a t i o n,1
N o r o d o m,14
1 9 4 1,3
s i g n e d,1
t r e a t y,1
p r o t e c t i o n,1
F r a n c e,5
p r o t e c t o r a t e,1
l a s t e d,1
b r i e f,1
i n t e r r u p t i o n,1
o c c u p i e d,1
1 9 4 5,2
s i m u l t a n e o u s l y,2
p u p p e t,1
B e t w e e n,1
1 8 7 4,1
1 9 6 2,2
"9 4 6 , 0 0 0",1
5 . 7,1
m a n i p u l a t e d,1
c h o i c e,1
S i s o w a t h,4
b r o t h e r,1
t h r o n e,3
v a c a n t,1
M o n i v o n g,3
M o n i r e t h,1
i n d e p e n d e n t l y,1
m i n d e d,1
m a t e r n a l,1
g r a n d s o n,1
e n t h r o n e d,2
e a s y,1
U n d e r,1
r e i g n,2
9,1
N o v e m b e r,5
1 9 5 3 – 1 9 7 0,2
M a o,1
Z e d o n g,1
1 9 5 6,1
1 9 5 5,1
a b d i c a t e d,1
f a v o u r,1
e l e c t e d,3
p r i m e,5
m i n i s t e r,7
U p o n,1
1 9 6 0,1
a g a i n,2
p r i n c e,1
p r o g r e s s e d,2
n e u t r a l i t y,1
c o m m u n i s t s,4
s a n c t u a r y,1
a r m s,2
a i d,2
f i g h t i n g,1
D e c e m b e r,3
1 9 6 7,1
P o s t,1
S t a n l e y,1
K a r n o w,1
t o l d,1
w a n t e d,1
b o m b,1
s a n c t u a r i e s,3
o b j e c t,1
u n l e s s,1
c o n v e y e d,1
P r e s i d e n t,2
J o h n s o n,1
e m i s s a r y,1
C h e s t e r,1
B o w l e s,1
J a n u a r y,2
r e f u t e d,1
a i r,1
s t r i k e s,1
2 6,1
M a r c h,2
c r i m i n a l,1
a t t a c k s,4
m u s t,1
i m m e d i a t e l y,2
d e f i n i t i v e l y,1
s t o p,1
2 8,1
p r e s s,2
c o n f e r e n c e,1
a p p e a l e d,1
p u b l i c i s e,1
a b r o a d,1
C a m b o d i a — t h a t,1
c a s e,1
b o m b i n g s,1
t e r r i t o r y,3
w h a t e v e r,1
p r e t e x t,1
N e v e r t h e l e s s,1
p l e a s,1
b o m b i n g,2
1 9 7 0 – 1 9 7 5,1
B e i j i n g,2
G e n e r a l,1
L o n,2
N o l,2
P r i n c e,2
S i r i k,1
M a t a k,1
c o m p l e t e d,1
r e g i m e,6
d e m a n d e d,1
V i e t,1
C o n g,1
d e s p e r a t e,1
l i n e s,2
l a u n c h e d,3
u r g e d,1
o v e r t h r o w i n g,1
h a s t e n i n g,1
o n s e t,1
c i v i l,2
T e n s,1
1 9 7 3,1
O p e r a t i o n,1
E a g l e,1
P u l l,1
r e b e l s,1
c o n f l i c t,2
l a r g e l y,4
i m p o s e d,1
D o c u m e n t s,1
u n c o v e r e d,1
S o v i e t,2
r e v e a l,1
o v e r r u n,1
e x p l i c i t,1
r e q u e s t,1
n e g o t i a t e d,1
P o l,3
P o t,3
c o m m a n d,1
N u o n,2
C h e a,2
N V A,2
u n i t s,2
o v e r r a n,2
p o s i t i o n s,1
C o m m u n i s t,2
C P K,2
e x p a n d e d,1
r e s p o n s e,2
i n v a s i o n,1
R i c h a r d,1
N i x o n,1
g r o u n d,1
c a m p a i g n,1
a i m e d,1
d e s t r o y i n g,1
I n c u r s i o n,1
Y e a r,1
D a y,1
t r o o p s,4
o f f e n s i v e,1
1 1 7,1
S i m u l t a n e o u s,1
p e r i m e t e r,1
p i n n e d,1
d o w n,2
R e p u b l i c a n,1
f i r e,1
b a s e s,1
v i t a l,1
r e s u p p l y,1
U S - f u n d e d,1
a i r l i f t,1
a m m u n i t i o n,1
C o n g r e s s,1
r e f u s e d,1
a d d i t i o n a l,1
s u r r e n d e r e d,1
5,1
e v a c u a t e d,1
1 9 7 5 – 1 9 7 8,1
D e m o c r a t i c,3
R o o m s,1
T u o l,2
S l e n g,2
M u s e u m,1
c o n t a i n,1
p h o t o s,1
v i c t i m s,3
C h o e u n g,1
E k,1
g r a v e,1
E s t i m a t e s,1
a p p r o x i m a t e l y,1
3,2
c i t e d,1
f i g u r e,1
2,2
q u a r t e r,1
K i l l i n g,1
F i e l d s,1
p r i s o n,3
k i l l i n g,1
H u n d r e d s,1
f l e d,2
b o r d e r,4
d i s p r o p o r t i o n a t e l y,1
t a r g e t e d,3
e t h n i c,3
m i n o r i t y,1
C h a m,2
M u s l i m s,1
u n d e r w e n t,1
p u r g e s,1
m u c h,3
h a l f,1
e x t e r m i n a t e d,1
k e e p,1
d i s e n f r a n c h i s e,1
p o t e n t i a l,1
t h r e a t s,1
F o r c e d,1
r e p a t r i a t i o n,1
d e a t h s,1
"2 5 0 , 0 0 0",1
"3 0 0 , 0 0 0",1
1 9 6 9,2
"5 6 , 0 0 0",1
1 9 8 4,1
m i n o r i t i e s,1
P r o f e s s i o n a l s,1
d o c t o r s,1
l a w y e r s,1
R o b e r t,1
D .,1
K a p l a n,1
e y e g l a s s e s,1
d e a d l y,1
y e l l o w,1
s t a r,1
s i g n,2
i n t e l l e c t u a l i s m,1
m a j o r i t y,2
a r c h i t e c t u r e,1
9 5,2
B u d d h i s t,1
d e s t r o y e d,1
1 9 7 8 – 1 9 9 2,1
1 9 7 8,1
i n v a d e d,1
r a i d s,1
c o n q u e r e d,1
P R K,1
p r o - S o v i e t,1
K a m p u c h e a n,1
R e v o l u t i o n a r y,1
1 9 5 1,1
p u r g e d,1
T a,1
M o k,1
f u l l y,2
b e h o l d e n,1
o c c u p y i n g,1
d i r e c t i o n,1
a m b a s s a d o r,1
g o v e r n m e n t - i n - e x i l e,1
C o a l i t i o n,1
G o v e r n m e n t,2
C G D K,1
1 9 8 1,1
c o n s i s t e d,1
r o y a l i s t,1
f a c t i o n,1
L i b e r a t i o n,2
F r o n t,1
c r e d e n t i a l s,1
T h i o u n n,1
P r a s i t h,1
r e t a i n e d,1
c o n s u l t a t i o n,1
r e p r e s e n t a t i v e s,1
n o n c o m m u n i s t,1
r e f u s a l,1
w i t h d r a w,1
s a n c t i o n s,1
e f f o r t s,2
1 9 8 9,1
S t a t e,1
O c t o b e r,7
C o m p r e h e n s i v e,1
S e t t l e m e n t,1
m a n d a t e,1
e n f o r c e,1
c e a s e f i r e,1
r e f u g e e s,1
d i s a r m a m e n t,1
T r a n s i t i o n a l,1
A u t h o r i t y,1
U N T A C,2
1 9 9 3 –,1
M o d e r n,1
m o n a r c h y,3
r e s t o r e d,1
r e i n s t a t e d,1
c o o r d i n a t e d,1
F U N C I N P E C,2
R a n a r i d d h,4
h u n g,1
p a r l i a m e n t,1
p o w e r - s h a r i n g,1
a g r e e d,1
c o - P r i m e,2
M i n i s t e r s,1
s e c e d e,1
t r a n s f e r r e d,1
s h a k e n,1
s t a b i l i z e,1
3 0,1
1 9 9 9,1
S i h a m o n i,5
c r o w n e d,1
2 0 0 4,4
a b d i c a t i o n,2
1 9 9 0 s,1
2 0 0 0 s,2
m u l t i p a r t y,2
m a r r e d,1
a b u s e s,1
c o r r u p t i o n,1
2 0 1 0 s,3
r e c e i v e d,1
c o n s i d e r a b l e,1
B e l t,1
I n i t i a t i v e,1
A n t i - g o v e r n m e n t,1
p r o t e s t s,3
C N R P,1
U N - b a c k e d,1
c r i m e s,5
t r i b u n a l,2
T r i b u n a l,1
c o m m i t t e d,1
p r o s e c u t e,1
o p p o s e d,1
t r i a l s,1
f o r m e r,3
J u l y,3
K a n g,1
K e k,1
I e w,1
g u i l t y,1
h u m a n i t y,1
c o m m a n d a n t,1
S 2 1,1
e x t e r m i n a t i o n,1
c a m p,1
s e n t e n c e d,2
A u g u s t,3
K h i e u,1
S a m p h a n,1
8 3 - y e a r - o l d,1
8 8 - y e a r - o l d,1
c h i e f,2
i d e o l o g u e,1
c h a r g e s,1
t e r r o r,1
1 9 7 0 s,2
u p d a t e,1
a l l e g a t i o n s,1
v o t e r,1
f r a u d,3
R e s c u e,2
a n t i - g o v e r n m e n t,1
c r a c k d o w n,1
a h e a d,1
2 0 1 8,1
r u l i n g,2
e n a c t e d,1
t i g h t e r,1
c u r b s,1
s e a t,1
A s s e m b l y,6
e f f e c t i v e l y,1
s o l i d i f y i n g,1
C O V I D - 1 9,1
p a n d e m i c,1
2 0 2 0,5
m i n i m i s i n g,1
h e a l t h,1
s t r a i n,1
o u t b r e a k,1
2 0 2 1,2
l o c k d o w n s,1
s e v e r e,2
t r a v e l,1
r e s t r i c t i o n s,1
a s s u m e d,1
o f f i c e,1
l o n g e s t - s e r v i n g,1
H e,2
a c c u s e d,2
c r a c k d o w n s,2
M a n e t,5
s u c c e e d,1
2 0 2 3,8
2 0 2 2,4
w a r n e d,1
n e w e s t,1
C a n d l e l i g h t,2
w a r n i n g,1
J u n e,2
l a w s u i t,1
f i l e d,1
E l e c t i o n,1
d e p u t y,1
S o n,1
C h h a y,1
a c c u s i n g,1
d e f a m a t i o n,1
s p e a k i n g,1
e l e c t o r a l,1
R i g h t s,2
W a t c h,2
r e p o r t,1
n u m e r o u s,2
t a m p e r i n g,1
c o m m u n e,2
l a n d s l i d e,1
f l a w e d,1
d i s q u a l i f i c a t i o n,1
2 2,2
s w o r n,1
G e o g r a p h i c,1
R e g i o n a l,1
t r o p i c s,1
l a t i t u d e s,1
1 0 °,1
1 5 ° N,1
l o n g i t u d e s,1
1 0 2 °,1
1 0 8 ° E,1
b o r d e r s,1
w e s t,2
n o r t h e a s t,2
4 4 3 - k i l o m e t r e,1
2 7 5 - m i l e,1
l a n d s c a p e,1
c h a r a c t e r i s e d,1
l o w - l y i n g,1
p l a i n,5
s u r r o u n d e d,1
u p l a n d s,1
l o w,1
m o u n t a i n s,2
T o n l e,10
S a p,10
G r e a t,1
L a k e,3
u p p e r,2
r e a c h e s,1
d e l t a,1
E x t e n d i n g,1
o u t w a r d,1
t r a n s i t i o n a l,2
p l a i n s,2
t h i n l y,1
f o r e s t e d,2
e l e v a t i o n s,1
6 5 0,1
f e e t,3
2 0 0,2
m e t r e s,3
a b o v e,2
s e a,2
f o r e s t,15
4 6,1
"8 , 0 6 8 , 3 7 0",1
h e c t a r e s,4
h a,4
"1 1 , 0 0 4 , 7 9 0",1
1 9 9 0,1
n a t u r a l l y,2
r e g e n e r a t i n g,2
c o v e r e d,2
"7 , 4 6 4 , 4 0 0",1
p l a n t e d,1
"6 0 3 , 9 7 0",1
O f,1
4,1
c o n s i s t i n g,1
t r e e,2
c l e a r l y,1
v i s i b l e,1
i n d i c a t i o n s,1
1 0 0,1
o w n e r s h i p,1
a b u t s,1
s a n d s t o n e,1
e s c a r p m e n t,1
s o u t h w a r d - f a c i n g,1
c l i f f,2
s t r e t c h i n g,1
3 2 0,1
a b r u p t l y,1
h e i g h t s,1
6 0 0,1
"1 , 8 0 0",1
1 8 0 – 5 5 0,1
m a r k s,1
D â n g r ê k,1
M o u n t a i n s,5
F l o w i n g,1
s o u t h,1
e a s t e r n,2
m e r g e,1
h i g h l a n d s,2
p l a t e a u s,1
e x t e n d,1
u p l a n d,1
b l o c k s,1
K r â v a n h,1
D â m r e i,1
h i g h l a n d,1
r e m o t e,1
u n i n h a b i t e d,1
A u r a l,2
h i g h e s t,2
p e a k,1
r i s e s,1
e l e v a t i o n,1
"5 , 9 4 9",1
"1 , 8 1 3",1
c o a s t a l,2
a d j o i n i n g,1
l o w l a n d,1
s t r i p,1
h e a v i l y,1
w o o d e d,1
s p a r s e l y,1
p o p u l a t e d,2
d i s t i n c t i v e,1
g e o g r a p h i c a l,1
f e a t u r e,1
i n u n d a t i o n s,1
m e a s u r i n g,1
"2 , 5 9 0",1
"1 , 0 0 0",1
d r y,8
e x p a n d i n g,1
"2 4 , 6 0 5",1
"9 , 5 0 0",1
r a i n y,2
d e n s e l y,1
d e v o t e d,1
w e t,2
c u l t i v a t i o n,1
h e a r t l a n d,1
M u c h,2
d e s i g n a t e d,1
b i o s p h e r e,2
r e s e r v e,2
C l i m a t e,3
K ö p p e n,1
M a i n l a n d,1
m o n s o o n s,3
t r o p i c a l,4
d i s t i n c t l y,1
s e a s o n a l,2
t e m p e r a t u r e,1
° C,3
7 0,2
° F,3
S o u t h w e s t,1
b l o w,1
i n l a n d,1
b r i n g i n g,1
m o i s t u r e - l a d e n,1
w i n d s,1
O c e a n,1
M a y,2
m o n s o o n,1
u s h e r s,1
l a s t s,2
h e a v i e s t,1
p r e c i p i t a t i o n,1
S e p t e m b e r,1
d r i e s t,1
o c c u r r i n g,1
F e b r u a r y,1
D e v e l o p m e n t,2
P h i l i p p i n e s,1
N e a r l y,1
R u r a l,1
S h o r t a g e s,1
c l e a n,1
w a t e r,3
f l o o d i n g,4
m u d s l i d e s,1
h i g h e r,1
d e s t r u c t i v e,2
s t o r m s,1
a c c o r d i n g,2
C h a n g e,1
A l l i a n c e,1
e c o l o g y,1
T o n l é,1
a f f e c t i n g,1
p r o p o r t i o n,1
s e a s o n s,1
r u n s,1
t e m p e r a t u r e s,2
d r o p,1
7 2,1
h u m i d i t y,1
4 0,1
1 0 4,1
D i s a s t r o u s,1
2 0 0 1,1
2 0 0 2,1
d e g r e e,1
S e v e r e,1
t y p h o o n,1
B i o d i v e r s i t y,1
c o n s e r v a t i o n,1
W i l d l i f e,6
L i s t,2
p r o t e c t e d,2
M a c a q u e s,1
P r o s,1
K a m p o n g,3
b i o d i v e r s i t y,2
f o u n d e d,1
f o r e s t s,3
1 8 0,1
r i p a r i a n,1
e c o s y s t e m s,1
2 1 2,1
m a m m a l,1
5 3 6,1
2 4 0,1
r e p t i l e,1
8 5 0,1
f r e s h w a t e r,3
4 3 5,1
m a r i n e,1
c o n t a i n e d,1
B i o s p h e r e,2
R e s e r v e,2
l a k e,4
e n c o m p a s s e s,1
n i n e,1
T h o m,1
P u r s a t,1
C h h n a n g,1
P a i l i n,1
O d d a r,1
P r e a h,3
V i h e a r,2
n o m i n a t e d,1
h a b i t a t s,2
e v e r g r e e n,2
D i p t e r o c a r p,1
M o n d o l k i r i,1
K e o,1
S e i m a,1
S a n c t u a r y,5
P r i c h,1
S r e p o k,1
R a t a n a k i r i,1
C a r d a m o m,2
e c o s y s t e m,1
B o t u m - S a k o r,1
S a m k o s,1
W o r l d w i d e,1
F u n d,2
N a t u r e,1
s i x,1
t e r r e s t r i a l,1
e c o r e g i o n s,1
r a i n,1
A n n a m i t e,1
R a n g e,1
s w a m p,2
S a p - M e k o n g,1
p e a t,1
W a t e r f a l l,1
K u l e n,1
P r e y,1
L a n g,1
F o r e s t,1
r a t e,2
d e f o r e s t a t i o n,4
p e r c e i v e d,1
e n v i r o n m e n t a l,3
3 . 1,1
"3 , 2 2 0",1
k m 2,1
"1 , 2 4 3",1
s q,1
f u t u r e,1
s u s t a i n a b i l i t y,1
r e s e r v e s,1
t h r e a t,1
2 0 1 0 – 2 0 1 5,1
1 . 3,1
d e g r a d a t i o n,1
p a r k s,1
w i l d l i f e,1
e n d a n g e r e d,1
e n d e m i c,1
e x t i n c t i o n,1
R e a s o n s,1
o p p o r t u n i s t i c,1
l o g g i n g s,1
c l e a r i n g s,1
a g r i c u l t u r a l,1
b u s i n e s s e s,1
a u t h o r i t i e s,1
t r a n s n a t i o n a l,1
c o r p o r a t i o n s,1
P l a n s,1
h y d r o e l e c t r i c,1
G r e a t e r,1
S u b r e g i o n,1
p o s e,1
d a n g e r,1
U p s t r e a m,1
d a m s,2
i m p e r i l,1
s t o c k s,1
p r o t e i n,2
d e n u d e,1
s i l t,1
b a s k e t,1
r i c h,1
f i s h e r i e s,2
i m p o v e r i s h e d,1
u n u s u a l,1
d i s a p p e a r s,1
e x p a n d s,1
m a s s i v e l y,1
b a c k s,1
r a i n s,1
T h o s e,1
l i v e l i h o o d s,1
e c o n o m i c a l l y,1
n u t r i t i o n a l l y,1
G o r d o n,1
H o l t g r i e v e,1
p r o f e s s o r,1
p o i n t s,1
n o n e,1
b u i l t,3
r i v e r,1
p o i n t i n g,1
g o o d,1
o u t c o m e s,1
c o - o p e r a t i o n,1
S t r a t e g y,1
A c t i o n,1
P l a n,1
N E S A P,1
2 0 1 6,1
i n c i t e,1
g r e e n,1
e n v i r o n m e n t a l l y,1
s u s t a i n a b l e,1
f r a m e w o r k,1
n a t i o n,1
o p e r a t e d,1
p a r l i a m e n t a r y,1
a p p o i n t e d,2
a d v i c e,1
a p p r o v a l,1
m i n i s t e r i a l,1
a p p o i n t e e s,1
e x e c u t i v e,2
L e g i s l a t i v e,1
b i c a m e r a l,1
P a r l i a m e n t,1
ស ភ ា ត ំ ណ ា ង រ ា ស ្ ត ្ រ,1
s â p h é a,1
t â m n a n g,1
r é a s t r â,1
c o n s i s t s,1
h o u s e,2
រ ដ ្ ឋ ស ភ ា,1
r ô d t h â s â p h é a,1
S e n a t e,4
ព ្ រ ឹ ទ ្ ធ ស ភ ា,1
p r œ ̆ t t h ô s â p h é a,1
M e m b e r s,1
1 2 3 - s e a t,1
p r o p o r t i o n a l,1
m a x i m u m,1
6 1,1
s e a t s,1
c o u n c i l l o r s,1
2 4,1
S e n a t o r s,1
s i x - y e a r,1
1 4,1
s p e c i a l,1
n i n e - m e m b e r,1
R o y a l,1
T h r o n e,1
w e e k,1
e n d o r s e d,1
S p e a k e r,1
h a l f - b r o t h e r,1
a d v i s o r,1
c o u n c i l,1
2 9,1
O f f i c i a l l y,1
r e a l i t y,1
e d,1
r e c a s t,1
d o o r s,1
y i e l d e d,1
a c c e s s,1
c o t e r i e,1
c r o n i e s,1
w i f e,1
B u n,1
R a n y,1
M e g h a,1
B a h r e e,1
w r i t e r,1
F o r b e s,1
d e s c r i b e d,2
d i r e c t o r,1
D a v i d,1
R o b e r t s,1
r e l a t i v e l y,1
a u t h o r i t a r i a n,1
c o a l i t i o n,1
v o w e d,1
t u r n e d,1
7 4,1
r e g u l a r l y,1
w h o m,2
s u p p r e s s i n g,1
d i s s e n t,2
d e m o n s t r a t i o n s,1
D e m o n s t r a t o r s,1
i n j u r e d,1
p r o t e s t e r s,1
g a t h e r e d,1
c l a s h i n g,2
r i o t,1
p o l i c e,1
h u m b l e,1
f a r m i n g,1
3 3,1
l o n g - r u l i n g,1
d i c t a t o r,1
s u c c e e d e d,1
d e e m e d,1
p o l i t i c i a n s,1
f r e e,2
l e a d e r s h i p,1
l a w s,1
F o r e i g n,3
T h e n - p r i m e,1
m e e t s,1
J o e,1
B i d e n,1
1 2,1
h a n d l e d,1
M i n i s t r y,1
A f f a i r s,1
P r a k,1
S o k h o n,1
B a n k,2
M o n e t a r y,1
A D B,1
j o i n e d,1
2 0 0 5,1
a t t e n d e d,1
i n a u g u r a l,1
M a l a y s i a,1
d i p l o m a t i c,2
t w e n t y,1
e m b a s s i e s,1
n e i g h b o u r s,2
E U,1
R u s s i a,1
c h a r i t a b l e,1
a s s i s t e d,1
F u m i o,1
K i s h i d a,1
1 8,1
r u p t u r e s,1
1 9 8 0 s,1
d i s p u t e s,2
p e r s i s t,1
d i s a g r e e m e n t s,1
o f f s h o r e,1
i s l a n d s,1
s e c t i o n s,1
b o u n d a r y,1
u n d e f i n e d,1
m a r i t i m e,1
t e m p l e,1
d e t e r i o r a t i o n,1
c o m b i n a t i o n,1
d i s r e s p e c t i n g,1
l a w,1
u p b u i l d,1
s i t u a t i o n,1
u n s e t t l e d,1
t i e s,2
A r m y,1
d e e p - w a t e r,1
s e a p o r t,1
k m,1
5 6,1
s t r e t c h,1
K o h,1
K o n g,1
p o r t,1
s u f f i c i e n t l y,1
d e e p,1
c r u i s e,1
s h i p s,1
b u l k,1
c a r r i e r s,1
w a r s h i p s,1
i n v a l u a b l e,1
e f f o r t,1
S e a,1
B e c a u s e,1
o b j e c t i o n s,1
t h w a r t,1
i n i t i a t i v e,1
d i p l o m a t i c a l l y,1
u s e f u l,1
c o u n t e r w e i g h t,1
c l o s e r,1
